Workbook

Sheet Copertina
B2: Nome Servizio/Applicativo | C2: App IndaBox Android
B3: URL Playstore | C3: https://play.google.com/store/search?q=indabox&c=apps&hl=it
B4: URL Log | C4: https://posteitaliane.sharepoint.com/:x:/r/teams/ACCESSIBILITRISULTATIVERIFICHETECNICHE-DIGITAL_APP/Shared%20Documents/DIGITAL_APP/INDABOX/LOG/Log%20Android.xlsx?d=wab03158ff1604225bf629c54ace00e42&csf=1&web=1&e=L4CRfw
B5: Pagine analizzate con tool automatici | C5: =COUNTA(Tabella1[Page ID])&" pagine" -> 48 pagine
B7: Failure rilevate | C7: =COUNTA(Tabella4[Livello])&" failure univoche:" -> 2037 failure univoche:
C8: ="A: "&COUNTIF(Tabella4[Livello],"A") -> A: 938
C9: ="AA: "&COUNTIF(Tabella4[Livello],"AA") -> AA: 893
C10: ="AAA: "&COUNTIF(Tabella4[Livello],"AAA") -> AAA: 206
C11: ="Best Practice: "&COUNTIF(Tabella4[Livello],"BP") -> Best Practice: 0

Sheet Page Status_Summary
A1: Page ID | B1: Pagina | C1: Servizio | D1: Campione | E1: A | F1: AA | G1: Issue
A2: #1 | B2: Home password dimenticata.txt | C2: S002 Registrazione | E2: =COUNTIFS(Tabella4[Livello],"A",Tabella4[Pagina],Tabella1[[#This Row],[Pagina]]) -> 15 | F2: =COUNTIFS(Tabella4[Livello],"AA",Tabella4[Pagina],Tabella1[[#This Row],[Pagina]]) -> 14 | G2: =COUNTIF(Tabella4[Page ID],Tabella1[[#This Row],[Page ID]]) -> 35
A3: #2 | B3: Home prezzi.txt | C3: S012 Prezzi | E3: =COUNTIFS(Tabella4[Livello],"A",Tabella4[Pagina],Tabella1[[#This Row],[Pagina]]) -> 15 | F3: =COUNTIFS(Tabella4[Livello],"AA",Tabella4[Pagina],Tabella1[[#This Row],[Pagina]]) -> 13 | G3: =COUNTIF(Tabella4[Page ID],Tabella1[[#This Row],[Page ID]]) -> 34
A4: #3 | B4: Home pubblica accessibilit .txt | C4: S015 Accessibilità | E4: =COUNTIFS(Tabella4[Livello],"A",Tabella4[Pagina],Tabella1[[#This Row],[Pagina]]) -> 21 | F4: =COUNTIFS(Tabella4[Livello],"AA",Tabella4[Pagina],Tabella1[[#This Row],[Pagina]]) -> 18 | G4: =COUNTIF(Tabella4[Page ID],Tabella1[[#This Row],[Page ID]]) -> 46
A5: #4 | B5: Home pubblica ritira.txt | C5: S003 Ritira (IndaBox Ritiro Pacchi) | E5: =COUNTIFS(Tabella4[Livello],"A",Tabella4[Pagina],Tabella1[[#This Row],[Pagina]]) -> 17 | F5: =COUNTIFS(Tabella4[Livello],"AA",Tabella4[Pagina],Tabella1[[#This Row],[Pagina]]) -> 15 | G5: =COUNTIF(Tabella4[Page ID],Tabella1[[#This Row],[Page ID]]) -> 38
A6: #5 | B6: Home pubblica.txt | C6: S001 Accedi | E6: =COUNTIFS(Tabella4[Livello],"A",Tabella4[Pagina],Tabella1[[#This Row],[Pagina]]) -> 29 | F6: =COUNTIFS(Tabella4[Livello],"AA",Tabella4[Pagina],Tabella1[[#This Row],[Pagina]]) -> 24 | G6: =COUNTIF(Tabella4[Page ID],Tabella1[[#This Row],[Page ID]]) -> 64
A7: #6 | B7: home pubblico hai una attivit .txt | C7: S001 Accedi | E7: =COUNTIFS(Tabella4[Livello],"A",Tabella4[Pagina],Tabella1[[#This Row],[Pagina]]) -> 25 | F7: =COUNTIFS(Tabella4[Livello],"AA",Tabella4[Pagina],Tabella1[[#This Row],[Pagina]]) -> 21 | G7: =COUNTIF(Tabella4[Page ID],Tabella1[[#This Row],[Page ID]]) -> 52
A8: #7 | B8: Privata acquista crediti.txt | C8: S007 Crediti Ritiro | E8: =COUNTIFS(Tabella4[Livello],"A",Tabella4[Pagina],Tabella1[[#This Row],[Pagina]]) -> 11 | F8: =COUNTIFS(Tabella4[Livello],"AA",Tabella4[Pagina],Tabella1[[#This Row],[Pagina]]) -> 10 | G8: =COUNTIF(Tabella4[Page ID],Tabella1[[#This Row],[Page ID]]) -> 21
A9: #8 | B9: Privata Azgomme.txt | C9: S004 Spedisci (IndaBox Spedizione Pacchi) | E9: =COUNTIFS(Tabella4[Livello],"A",Tabella4[Pagina],Tabella1[[#This Row],[Pagina]]) -> 0 | F9: =COUNTIFS(Tabella4[Livello],"AA",Tabella4[Pagina],Tabella1[[#This Row],[Pagina]]) -> 57 | G9: =COUNTIF(Tabella4[Page ID],Tabella1[[#This Row],[Page ID]]) -> 57
A10: #9 | B10: Privata bonus.txt | C10: S008 Bonus | E10: =COUNTIFS(Tabella4[Livello],"A",Tabella4[Pagina],Tabella1[[#This Row],[Pagina]]) -> 10 | F10: =COUNTIFS(Tabella4[Livello],"AA",Tabella4[Pagina],Tabella1[[#This Row],[Pagina]]) -> 8 | G10: =COUNTIF(Tabella4[Page ID],Tabella1[[#This Row],[Page ID]]) -> 22
A11: #10 | B11: Privata crediti.txt | C11: S007 Crediti Ritiro | E11: =COUNTIFS(Tabella4[Livello],"A",Tabella4[Pagina],Tabella1[[#This Row],[Pagina]]) -> 20 | F11: =COUNTIFS(Tabella4[Livello],"AA",Tabella4[Pagina],Tabella1[[#This Row],[Pagina]]) -> 7 | G11: =COUNTIF(Tabella4[Page ID],Tabella1[[#This Row],[Page ID]]) -> 29
A12: #11 | B12: Privata Dottor ink.txt | C12: S004 Spedisci (IndaBox Spedizione Pacchi) | E12: =COUNTIFS(Tabella4[Livello],"A",Tabella4[Pagina],Tabella1[[#This Row],[Pagina]]) -> 37 | F12: =COUNTIFS(Tabella4[Livello],"AA",Tabella4[Pagina],Tabella1[[#This Row],[Pagina]]) -> 43 | G12: =COUNTIF(Tabella4[Page ID],Tabella1[[#This Row],[Page ID]]) -> 80
A13: #12 | B13: Privata faq.txt | C13: S009 FAQ | E13: =COUNTIFS(Tabella4[Livello],"A",Tabella4[Pagina],Tabella1[[#This Row],[Pagina]]) -> 36 | F13: =COUNTIFS(Tabella4[Livello],"AA",Tabella4[Pagina],Tabella1[[#This Row],[Pagina]]) -> 42 | G13: =COUNTIF(Tabella4[Page ID],Tabella1[[#This Row],[Page ID]]) -> 91
... A49: #48 | B49: Pubblico Domande frequenti - Video.txt | C49: V001 Video tutorial | E49: =COUNTIFS(Tabella4[Livello],"A",Tabella4[Pagina],Tabella1[[#This Row],[Pagina]]) -> 1 | F49: =COUNTIFS(Tabella4[Livello],"AA",Tabella4[Pagina],Tabella1[[#This Row],[Pagina]]) -> 0 | G49: =COUNTIF(Tabella4[Page ID],Tabella1[[#This Row],[Page ID]]) -> 1

Sheet Foglio1
A3: Etichette di riga
A4: 10.1.2.2
A5: 11.1.1.1.1
A6: 11.1.3.1.1
A7: 11.1.3.2.1
A8: 11.1.3.4.1
A9: 11.1.4.3.1
A10: 11.1.4.5.1
A11: 11.2.5.3.1
A12: 11.4.1.2.1
A13: Totale complessivo

Sheet load to silk
A1: ID Silk | B1: Titolo | C1: Descrizione | D1: Severity | E1: Identificativo in relazione | F1: Numero ticket | G1: Priorità | H1: Servizio digitale / pagina | I1: Requisito (criterio) violato | J1: Errore | K1: Soluzione | L1: Link screenshot / video | M1: AP | N1: PK
A2: 11.1.3.1.1S001 Accedi | B2: =_xlfn.XLOOKUP(outTable[[#This Row],[ID Silk]],Tabella4[ID Silk],Tabella4[Titolo Defect],,0,1) -> APP INDABOX ANDROID - 11.1.3.1.1 Informazioni e correlazioni - S001 Accedi | C2: APP INDABOX ANDROID - 11.1.3.1.1 Informazioni e correlazioni - S001 Accedi: (#MAD009)_x000D_ S001 Accedi_x000D_ Requisito WCAG: 1.3.1_x000D_ Disabilità afflitte: Blind;Low Vision; Cognitive_x000D_ Impatto Utente: 2 - Serious_x000D_ _x000D_ Descrizione_x000D_ 001 - Elementi irrilevanti - VoiceOver legge elementi irrilevanti(https://www.w3.org/WAI/WCAG22/Understanding/info-and-relationships.html)_x000D_ _x000D_ Esempio di violazione individuata sull'oggetto:_x000D_ 001 - dopo la lettura del link "accessibilità" legge un elemento nascosto con selettore_x000D_ _x000D_ Possibile Metodologia Risolutiva:_x000D_ 001 - Impostare l'attributo "Aria-hidden" a true per nascondere un elemnto al VoiceOver_x000D_ _x000D_ Occorrenze rilevate: 1_x000D_ _x000D_ Link al dettaglio requisito WCAG: https://www.w3.org/WAI/WCAG21/quickref/_x000D_ | D2: 2 - Serious | E2: (#MAD009) | G2: 2 - Serious | H2: S001 Accedi | I2: 11.1.3.1.1 | J2: 001 - Elementi irrilevanti - VoiceOver legge elementi irrilevanti(https://www.w3.org/WAI/WCAG22/Understanding/info-and-relationships.html) | K2: 001 - Impostare l'attributo "Aria-hidden" a true per nascondere un elemnto al VoiceOver | L2: 0
A3: 11.1.3.2.1S001 Accedi | B3: =_xlfn.XLOOKUP(outTable[[#This Row],[ID Silk]],Tabella4[ID Silk],Tabella4[Titolo Defect],,0,1) -> APP INDABOX ANDROID - 11.1.3.2.1 Sequenza significativa - S001 Accedi | C3: APP INDABOX ANDROID - 11.1.3.2.1 Sequenza significativa - S001 Accedi: (#AAD717)_x000D_ S001 Accedi_x000D_ Requisito WCAG: 1.3.2_x000D_ Disabilità afflitte: Blind;Cognitive;Low Vision;Mobility_x000D_ Impatto Utente: 1 - Critical_x000D_ _x000D_ Descrizione_x000D_ 001 - FocusableText - Le visualizzazioni contenenti testo devono essere attivabili per le tecnologie per l'accesso facilitato, ad esempio TalkBack. [Per saperne di più] (https://docs.deque.com/devtools-mobile/2024.2.14/en/android-focusable-text)_x000D_ _x000D_ Esempio di violazione individuata sull'oggetto:_x000D_ 001 - con selettore No ID Available_x000D_ _x000D_ Dettaglio + screenshot (accedere con le seguenti credenziali: user, axeposte@gmail.com; password, Poste2024!)_x000D_ 001 - https://axe-mobile.deque.com/scan?userId=747da6b3-5f03-493b-bc9b-3a10276b7d6b&packageName=com.android.chrome&resultId=01987498-f715-719a-bc64-9e610b8007d0_x000D_ _x000D_ Possibile Metodologia Risolutiva:_x000D_ 001 - Rimuovi android:focusable="true" dal testo statico non interattivo._x000D_ _x000D_ Occorrenze rilevate: 1_x000D_ _x000D_ Link al dettaglio requisito WCAG: https://www.w3.org/WAI/WCAG21/quickref/_x000D_ | D3: 1 - Critical | E3: (#AAD717) | G3: 1 - Critical | H3: S001 Accedi | I3: 11.1.3.2.1 | J3: 001 - FocusableText - Le visualizzazioni contenenti testo devono essere attivabili per le tecnologie per l'accesso facilitato, ad esempio TalkBack. [Per saperne di più] (https://docs.deque.com/devtools-mobile/2024.2.14/en/android-focusable-text) | K3: 001 - Rimuovi android:focusable="true" dal testo statico non interattivo. | L3: 001 - https://axe-mobile.deque.com/scan?userId=747da6b3-5f03-493b-bc9b-3a10276b7d6b&packageName=com.android.chrome&resultId=01987498-f715-719a-bc64-9e610b8007d0
A4: 11.1.3.4.1S001 Accedi | B4: =_xlfn.XLOOKUP(outTable[[#This Row],[ID Silk]],Tabella4[ID Silk],Tabella4[Titolo Defect],,0,1) -> APP INDABOX ANDROID - 11.1.3.4.1 Orientamento - S001 Accedi | C4: APP INDABOX ANDROID - 11.1.3.4.1 Orientamento - S001 Accedi: (#AAD712)_x000D_ S001 Accedi_x000D_ Requisito WCAG: 1.3.4_x000D_ Disabilità afflitte: Cognitive;Low Vision;Mobility_x000D_ Impatto Utente: 2 - Serious_x000D_ _x000D_ Descrizione_x000D_ 001 - ScreenOrientation - Le visualizzazioni devono essere conformi all'orientamento di visualizzazione preferito dall'utente. [Per saperne di più] (https://docs.deque.com/devtools-mobile/2024.2.14/en/android-screen-orientation)_x000D_ _x000D_ Esempio di violazione individuata sull'oggetto:_x000D_ 001 - con selettore No ID Available_x000D_ _x000D_ Dettaglio + screenshot (accedere con le seguenti credenziali: user, axeposte@gmail.com; password, Poste2024!)_x000D_ 001 - https://axe-mobile.deque.com/scan?userId=747da6b3-5f03-493b-bc9b-3a10276b7d6b&packageName=com.android.chrome&resultId=01987498-f715-719a-bc64-9e610b8007d0_x000D_ _x000D_ Possibile Metodologia Risolutiva:_x000D_ 001 - Rimuovi android:screenOrientation="portrait" per supportare sia landscape che portrait, salvo che non sia un requisito._x000D_ _x000D_ Occorrenze rilevate: 1_x000D_ _x000D_ Link al dettaglio requisito WCAG: https://www.w3.org/WAI/WCAG21/quickref/_x000D_ | D4: 2 - Serious | E4: (#AAD712) | G4: 2 - Serious | H4: S001 Accedi | I4: 11.1.3.4.1 | J4: 001 - ScreenOrientation - Le visualizzazioni devono essere conformi all'orientamento di visualizzazione preferito dall'utente. [Per saperne di più] (https://docs.deque.com/devtools-mobile/2024.2.14/en/android-screen-orientation) | K4: 001 - Rimuovi android:screenOrientation="portrait" per supportare sia landscape che portrait, salvo che non sia un requisito. | L4: 001 - https://axe-mobile.deque.com/scan?userId=747da6b3-5f03-493b-bc9b-3a10276b7d6b&packageName=com.android.chrome&resultId=01987498-f715-719a-bc64-9e610b8007d0
A5: 11.1.4.3.1S001 Accedi | B5: =_xlfn.XLOOKUP(outTable[[#This Row],[ID Silk]],Tabella4[ID Silk],Tabella4[Titolo Defect],,0,1) -> APP INDABOX ANDROID - 11.1.4.3.1 Contrasto (minimo) - S001 Accedi | C5: APP INDABOX ANDROID - 11.1.4.3.1 Contrasto (minimo) - S001 Accedi: (#AAD014)_x000D_ S001 Accedi_x000D_ Requisito WCAG: 1.4.3_x000D_ Disabilità afflitte: Colorblindness;Low Vision_x000D_ Impatto Utente: 2 - Serious_x000D_ _x000D_ Descrizione_x000D_ 001 - Contrasto del testo -_x000D_ _x000D_ Esempio di violazione individuata sull'oggetto:_x000D_ 001 - https://drive.google.com/file/d/1b3yG_Slc4Z8KE_PMwmczXyuudv_rPLY7/view?usp=drive_link con selettore [19,544][1061,810]_x000D_ _x000D_ Possibile Metodologia Risolutiva:_x000D_ 001 - Usa colori con un contrasto minimo di 4.5:1 per il testo normale e 3:1 per il testo grande. Controlla con strumenti come WebAIM o il contrast checker di Material Design._x000D_ _x000D_ Occorrenze rilevate: 1_x000D_ _x000D_ Link al dettaglio requisito WCAG: https://www.w3.org/WAI/WCAG21/quickref/_x000D_ | D5: 2 - Serious | E5: (#AAD014) | G5: 2 - Serious | H5: S001 Accedi | I5: 11.1.4.3.1 | J5: 001 - Contrasto del testo - | K5: 001 - Usa colori con un contrasto minimo di 4.5:1 per il testo normale e 3:1 per il testo grande. Controlla con strumenti come WebAIM o il contrast checker di Material Design. | L5: 0
A6: 11.2.5.3.1S001 Accedi | B6: =_xlfn.XLOOKUP(outTable[[#This Row],[ID Silk]],Tabella4[ID Silk],Tabella4[Titolo Defect],,0,1) -> APP INDABOX ANDROID - 11.2.5.3.1 Etichetta nel nome - S001 Accedi | C6: APP INDABOX ANDROID - 11.2.5.3.1 Etichetta nel nome - S001 Accedi: (#AAD713)_x000D_ S001 Accedi_x000D_ Requisito WCAG: 2.5.3_x000D_ Disabilità afflitte: Blind;Deafblind;Mobility_x000D_ Impatto Utente: 2 - Serious_x000D_ _x000D_ Descrizione_x000D_ 001 - LabelInName - Una vista focalizzabile accessibile deve garantire che il nome sia incluso nell'etichetta visibile. [Per saperne di più] (https://docs.deque.com/devtools-mobile/2024.2.14/en/android-label-in-name)_x000D_ _x000D_ Esempio di violazione individuata sull'oggetto:_x000D_ 001 - con selettore logo_x000D_ _x000D_ Dettaglio + screenshot (accedere con le seguenti credenziali: user, axeposte@gmail.com; password, Poste2024!)_x000D_ 001 - https://axe-mobile.deque.com/scan?userId=747da6b3-5f03-493b-bc9b-3a10276b7d6b&packageName=com.android.chrome&resultId=01987498-f715-719a-bc64-9e610b8007d0_x000D_ _x000D_ Possibile Metodologia Risolutiva:_x000D_ 001 - Assicurati che contentDescription o labelFor contengano l’etichetta visibile dell’elemento._x000D_ _x000D_ Occorrenze rilevate: 1_x000D_ _x000D_ Link al dettaglio requisito WCAG: https://www.w3.org/WAI/WCAG21/quickref/_x000D_ | D6: 2 - Serious | E6: (#AAD713) | G6: 2 - Serious | H6: S001 Accedi | I6: 11.2.5.3.1 | J6: 001 - LabelInName - Una vista focalizzabile accessibile deve garantire che il nome sia incluso nell'etichetta visibile. [Per saperne di più] (https://docs.deque.com/devtools-mobile/2024.2.14/en/android-label-in-name) | K6: 001 - Assicurati che contentDescription o labelFor contengano l’etichetta visibile dell’elemento. | L6: 001 - https://axe-mobile.deque.com/scan?userId=747da6b3-5f03-493b-bc9b-3a10276b7d6b&packageName=com.android.chrome&resultId=01987498-f715-719a-bc64-9e610b8007d0
A7: 11.4.1.2.1S001 Accedi | B7: =_xlfn.XLOOKUP(outTable[[#This Row],[ID Silk]],Tabella4[ID Silk],Tabella4[Titolo Defect],,0,1) -> APP INDABOX ANDROID - 11.4.1.2.1 Nome, ruolo, valore - S001 Accedi | C7: APP INDABOX ANDROID - 11.4.1.2.1 Nome, ruolo, valore - S001 Accedi: (#AAD1979)_x000D_ S001 Accedi_x000D_ Requisito WCAG: 4.1.2_x000D_ Disabilità afflitte: Blind;Low Vision;Mobility_x000D_ Impatto Utente: 3 - Moderate_x000D_ _x000D_ Descrizione_x000D_ 001 - EditTextName - Gli elementi di input di testo devono avere un nome accessibile disponibile per le tecnologie assistive come TalkBack e Voice Access. [Per saperne di più] (https://docs.deque.com/devtools-mobile/2024.2.14/en/android-edit-text-name)_x000D_ 002 - CheckBoxName - Qualsiasi elemento CheckBox deve avere un nome accessibile disponibile per le tecnologie assistive come TalkBack e Voice Access. [Per saperne di più] (https://docs.deque.com/devtools-mobile/2024.2.14/en/android-checkbox-name)_x000D_ 003 - Annuncio errato - Talkback legge in maniera errata un elemento(https://www.w3.org/WAI/WCAG21/Understanding/name-role-value)_x000D_ _x000D_ Esempio di violazione individuata sull'oggetto:_x000D_ 001 - con selettore No ID Available_x000D_ 002 - con selettore No ID Available_x000D_ 003 - Accedi con Google con selettore_x000D_ _x000D_ Dettaglio + screenshot (accedere con le seguenti credenziali: user, axeposte@gmail.com; password, Poste2024!)_x000D_ 001 - https://axe-mobile.deque.com/scan?userId=747da6b3-5f03-493b-bc9b-3a10276b7d6b&packageName=com.android.chrome&resultId=019874b6-b4db-71cf-b61c-3f04f6ecb1d6_x000D_ 002 - https://axe-mobile.deque.com/scan?userId=747da6b3-5f03-493b-bc9b-3a10276b7d6b&packageName=com.android.chrome&resultId=019874b6-b4db-71cf-b61c-3f04f6ecb1d6_x000D_ _x000D_ Possibile Metodologia Risolutiva:_x000D_ 001 - Usa android:hint oppure associa una TextView con android:labelFor._x000D_ 002 - Aggiungi un’etichetta visibile e/o android:contentDescription._x000D_ 003 - Fornire informazioni su ruolo, stato e valore su tutti i componenti dell'interfaccia utente_x000D_ _x000D_ Occorrenze rilevate: 3_x000D_ _x000D_ Link al dettaglio requisito WCAG: https://www.w3.org/WAI/WCAG21/quickref/_x000D_ | D7: 3 - Moderate | E7: (#AAD1979) | G7: 3 - Moderate | H7: S001 Accedi | I7: 11.4.1.2.1 | J7: 001 - EditTextName - Gli elementi di input di testo devono avere un nome accessibile disponibile per le tecnologie assistive come TalkBack e Voice Access. [Per saperne di più] (https://docs.deque.com/devtools-mobile/2024.2.14/en/android-edit-text-name)_x000D_ 002 - CheckBoxName - Qualsiasi elemento CheckBox deve avere un nome accessibile disponibile per le tecnologie assistive come TalkBack e Voice Access. [Per saperne di più] (https://docs.deque.com/devtools-mobile/2024.2.14/en/android-checkbox-name)_x000D_ 003 - Annuncio errato - Talkback legge in maniera errata un elemento(https://www.w3.org/WAI/WCAG21/Understanding/name-role-value) | K7: 001 - Usa android:hint oppure associa una TextView con android:labelFor._x000D_ 002 - Aggiungi un’etichetta visibile e/o android:contentDescription._x000D_ 003 - Fornire informazioni su ruolo, stato e valore su tutti i componenti dell'interfaccia utente | L7: 001 - https://axe-mobile.deque.com/scan?userId=747da6b3-5f03-493b-bc9b-3a10276b7d6b&packageName=com.android.chrome&resultId=019874b6-b4db-71cf-b61c-3f04f6ecb1d6_x000D_ 002 - https://axe-mobile.deque.com/scan?userId=747da6b3-5f03-493b-bc9b-3a10276b7d6b&packageName=com.android.chrome&resultId=019874b6-b4db-71cf-b61c-3f04f6ecb1d6
A8: 11.1.3.2.1S002 Registrazione | B8: =_xlfn.XLOOKUP(outTable[[#This Row],[ID Silk]],Tabella4[ID Silk],Tabella4[Titolo Defect],,0,1) -> APP INDABOX ANDROID - 11.1.3.2.1 Sequenza significativa - S002 Registrazione | C8: APP INDABOX ANDROID - 11.1.3.2.1 Sequenza significativa - S002 Registrazione: (#AAD690)_x000D_ S002 Registrazione_x000D_ Requisito WCAG: 1.3.2_x000D_ Disabilità afflitte: Blind;Cognitive;Low Vision;Mobility_x000D_ Impatto Utente: 1 - Critical_x000D_ _x000D_ Descrizione_x000D_ 001 - FocusableText - Le visualizzazioni contenenti testo devono essere attivabili per le tecnologie per l'accesso facilitato, ad esempio TalkBack. [Per saperne di più] (https://docs.deque.com/devtools-mobile/2024.2.14/en/android-focusable-text)_x000D_ _x000D_ Esempio di violazione individuata sull'oggetto:_x000D_ 001 - con selettore No ID Available_x000D_ _x000D_ Dettaglio + screenshot (accedere con le seguenti credenziali: user, axeposte@gmail.com; password, Poste2024!)_x000D_ 001 - https://axe-mobile.deque.com/scan?userId=747da6b3-5f03-493b-bc9b-3a10276b7d6b&packageName=com.android.chrome&resultId=01987498-918f-7639-bf08-09d26a0751d4_x000D_ _x000D_ Possibile Metodologia Risolutiva:_x000D_ 001 - Rimuovi android:focusable="true" dal testo statico non interattivo._x000D_ _x000D_ Occorrenze rilevate: 1_x000D_ _x000D_ Link al dettaglio requisito WCAG: https://www.w3.org/WAI/WCAG21/quickref/_x000D_ | D8: 1 - Critical | E8: (#AAD690) | G8: 1 - Critical | H8: S002 Registrazione | I8: 11.1.3.2.1 | J8: 001 - FocusableText - Le visualizzazioni contenenti testo devono essere attivabili per le tecnologie per l'accesso facilitato, ad esempio TalkBack. [Per saperne di più] (https://docs.deque.com/devtools-mobile/2024.2.14/en/android-focusable-text) | K8: 001 - Rimuovi android:focusable="true" dal testo statico non interattivo. | L8: 001 - https://axe-mobile.deque.com/scan?userId=747da6b3-5f03-493b-bc9b-3a10276b7d6b&packageName=com.android.chrome&resultId=01987498-918f-7639-bf08-09d26a0751d4
A9: 11.1.3.4.1S002 Registrazione | B9: =_xlfn.XLOOKUP(outTable[[#This Row],[ID Silk]],Tabella4[ID Silk],Tabella4[Titolo Defect],,0,1) -> APP INDABOX ANDROID - 11.1.3.4.1 Orientamento - S002 Registrazione | C9: APP INDABOX ANDROID - 11.1.3.4.1 Orientamento - S002 Registrazione: (#AAD684)_x000D_ S002 Registrazione_x000D_ Requisito WCAG: 1.3.4_x000D_ Disabilità afflitte: Cognitive;Low Vision;Mobility_x000D_ Impatto Utente: 2 - Serious_x000D_ _x000D_ Descrizione_x000D_ 001 - ScreenOrientation - Le visualizzazioni devono essere conformi all'orientamento di visualizzazione preferito dall'utente. [Per saperne di più] (https://docs.deque.com/devtools-mobile/2024.2.14/en/android-screen-orientation)_x000D_ _x000D_ Esempio di violazione individuata sull'oggetto:_x000D_ 001 - con selettore No ID Available_x000D_ _x000D_ Dettaglio + screenshot (accedere con le seguenti credenziali: user, axeposte@gmail.com; password, Poste2024!)_x000D_ 001 - https://axe-mobile.deque.com/scan?userId=747da6b3-5f03-493b-bc9b-3a10276b7d6b&packageName=com.android.chrome&resultId=01987498-918f-7639-bf08-09d26a0751d4_x000D_ _x000D_ Possibile Metodologia Risolutiva:_x000D_ 001 - Rimuovi android:screenOrientation="portrait" per supportare sia landscape che portrait, salvo che non sia un requisito._x000D_ _x000D_ Occorrenze rilevate: 1_x000D_ _x000D_ Link al dettaglio requisito WCAG: https://www.w3.org/WAI/WCAG21/quickref/_x000D_ | D9: 2 - Serious | E9: (#AAD684) | G9: 2 - Serious | H9: S002 Registrazione | I9: 11.1.3.4.1 | J9: 001 - ScreenOrientation - Le visualizzazioni devono essere conformi all'orientamento di visualizzazione preferito dall'utente. [Per saperne di più] (https://docs.deque.com/devtools-mobile/2024.2.14/en/android-screen-orientation) | K9: 001 - Rimuovi android:screenOrientation="portrait" per supportare sia landscape che portrait, salvo che non sia un requisito. | L9: 001 - https://axe-mobile.deque.com/scan?userId=747da6b3-5f03-493b-bc9b-3a10276b7d6b&packageName=com.android.chrome&resultId=01987498-918f-7639-bf08-09d26a0751d4
A10: 11.1.4.3.1S002 Registrazione | B10: =_xlfn.XLOOKUP(outTable[[#This Row],[ID Silk]],Tabella4[ID Silk],Tabella4[Titolo Defect],,0,1) -> APP INDABOX ANDROID - 11.1.4.3.1 Contrasto (minimo) - S002 Registrazione | C10: APP INDABOX ANDROID - 11.1.4.3.1 Contrasto (minimo) - S002 Registrazione: (#AAD001)_x000D_ S002 Registrazione_x000D_ Requisito WCAG: 1.4.3_x000D_ Disabilità afflitte: Colorblindness;Low Vision_x000D_ Impatto Utente: 2 - Serious_x000D_ _x000D_ Descrizione_x000D_ 001 - Contrasto del testo -_x000D_ _x000D_ Esempio di violazione individuata sull'oggetto:_x000D_ 001 - https://drive.google.com/file/d/1Ky3onw1yTzntxdtp2e6NbCHhxzGdkenw/view?usp=drive_link con selettore [19,571][1061,838]_x000D_ _x000D_ Possibile Metodologia Risolutiva:_x000D_ 001 - Usa colori con un contrasto minimo di 4.5:1 per il testo normale e 3:1 per il testo grande. Controlla con strumenti come WebAIM o il contrast checker di Material Design._x000D_ _x000D_ Occorrenze rilevate: 1_x000D_ _x000D_ Link al dettaglio requisito WCAG: https://www.w3.org/WAI/WCAG21/quickref/_x000D_ | D10: 2 - Serious | E10: (#AAD001) | G10: 2 - Serious | H10: S002 Registrazione | I10: 11.1.4.3.1 | J10: 001 - Contrasto del testo - | K10: 001 - Usa colori con un contrasto minimo di 4.5:1 per il testo normale e 3:1 per il testo grande. Controlla con strumenti come WebAIM o il contrast checker di Material Design. | L10: 0

Sheet Foglio2
A3: Etichette di riga | B3: Conteggio di ID Silk
A4: 5109 | B4: 1 | F4: =COUNTIF(B4:B53,">1") -> 42 | J4: 8
A5: 5110 | B5: 104 | J5: 42
A6: 5111 | B6: 7
A7: 5112 | B7: 44
A8: 5113 | B8: 70
A9: 5114 | B9: 9
A10: 5115 | B10: 22
A11: 5116 | B11: 2
A12: 5117 | B12: 5
A13: 5118 | B13: 20
A14: 5119 | B14: 2
A15: 5120 | B15: 70
A16: 5121 | B16: 4
A17: 5122 | B17: 79
... A53: 5158 | B53: 1
A54: Totale complessivo | B54: 1422

Sheet Not Passed
A1: ID Silk | B1: subID | C1: #ID | D1: ID defectXsilk | E1: Componente | F1: Livello | G1: Criterio | H1: UNI CEI EN 301549 | I1: User Impact | J1: Disabilities | K1: Titolo | L1: Descrizione | M1: Rejected Element | N1: Detail | O1: Pagina | P1: Page ID | Q1: Tool | R1: IssueID | S1: Items Explanation | T1: Soluzione note aggiuntive | U1: Diffusione | V1: Servizio | W1: Share URL | X1: Severity | Y1: Titolo Defect | Z1: Description Defect | AA1: Colonna1 | AB1: Colonna2 | AC1: Colonna3 | AD1: Colonna4 | AE1: Caricato su Silk | AF1: Testo silk | AG1: HC_01 | AH1: HC_ID | AI1: HC Desc | AJ1: HC Viol | AK1: HC Screen | AL1: HC Solution | AM1: URL
A2: =Tabella4[[#This Row],[UNI CEI EN 301549]]&Tabella4[[#This Row],[Servizio]] -> 11.1.4.3.1S002 Registrazione | B2: =Tabella4[[#This Row],[IssueID]]&Tabella4[[#This Row],[Servizio]] -> S002 Registrazione | C2: AAD001 | D2: ="(#"&Tabella4[[#This Row],['#ID]]&")" -> (#AAD001) | E2: Android | F2: AA | G2: 1.4.3 | H2: 11.1.4.3.1 | I2: 2 - Serious | J2: Colorblindness;Low Vision | K2: Contrasto del testo | M2: [19,571][1061,838] | N2: https://drive.google.com/file/d/1Ky3onw1yTzntxdtp2e6NbCHhxzGdkenw/view?usp=drive_link | O2: Home password dimenticata.txt | P2: #1 | Q2: Accessibility Scanner | S2: https://support.google.com/accessibility/android/answer/7158390?sjid=7294552562745413635-EU | T2: Usa colori con un contrasto minimo di 4.5:1 per il testo normale e 3:1 per il testo grande. Controlla con strumenti come WebAIM o il contrast checker di Material Design. | U2: =COUNTIFS(Tabella4[Rejected Element],Tabella4[[#This Row],[Rejected Element]]) -> 1 | V2: S002 Registrazione | X2: =Tabella4[[#This Row],[User Impact]] -> 2 - Serious | Y2: =_xlfn.CONCAT("APP INDABOX ANDROID - ",Tabella4[[#This Row],[UNI CEI EN 301549]]," ",_xlfn.XLOOKUP(Tabella4[[#This Row],[Criterio]],Tabella5[ID],Tabella5[Criterio di successo],"")," - ",Tabella4[[#This Row],[Servizio]]) -> APP INDABOX ANDROID - 11.1.4.3.1 Contrasto (minimo) - S002 Registrazione | Z2: =_xlfn.CONCAT(Tabella4[[#This Row],[Titolo Defect]]," ",Tabella4[[#This Row],[ID defectXsilk]],CHAR(10),Tabella4[[#This Row],[Servizio]],CHAR(10),_xlfn.CONCAT("Requisito: WCAG ",Tabella4[[#This Row],[Criterio]],CHAR(10),"Disabilità afflitte: ",Tabella4[[#This Row],[Disabilities]],CHAR(10),"Impatto Utente: ",Tabella4[[#This Row],[User Impact]],CHAR(10),CHAR(10),"Descrizione: ",Tabella4[[#This Row],[Titolo]]," - ",Tabella4[[#This Row],[Descrizione]],CHAR(10),CHAR(10),"Esempio di violazione individuata sull'oggetto: ",CHAR(10)," - ",Tabella4[[#This Row],[Detail]]," con selettore: ",CHAR(10),Tabella4[[#This Row],[Rejected Element]],CHAR(10),CHAR(10),"Dettaglio + screenshot (accedere con le seguenti credenziali: user, axeposte@gmail.com; password, Poste2024!): ",Tabella4[[#This Row],[Share URL]],CHAR(10)),CHAR(10),"Possibile metodologia risolutiva:"&CHAR(10),Tabella4[[#This Row],[Soluzione note aggiuntive]],CHAR(10),CHAR(10),"File di log (occorrenze rilevate: "&COUNTIF(Tabella4[ID Silk],Tabella4[[#This Row],[ID Silk]])&"): https://posteitaliane.sharepoint.com/:x:/r/teams/ACCESSIBILITRISULTATIVERIFICHETECNICHE/Shared%20Documents/TGPOSTE_APP/TGPOSTE_APP/LOG/Log.xlsx?d=w630300a71bd74143a1658fe5ab688bc4&csf=1&web=1&e=Y9XHGL",CHAR(10),CHAR(10),"Link al dettaglio requisito WCAG: ",_xlfn.XLOOKUP(Tabella4[[#This Row],[UNI CEI EN 301549]],'Dati input'!F:F,'Dati input'!H:H,"",0)) -> APP INDABOX ANDROID - 11.1.4.3.1 Contrasto (minimo) - S002 Registrazione (#AAD001) S002 Registrazione Requisito: WCAG 1.4.3 Disabilità afflitte: Colorblindness;Low Vision Impatto Utente: 2 - Serious Descrizione: Contrasto del testo - Esempio di violazione individuata sull'oggetto: - https://drive.google.com/file/d/1Ky3onw1yTzntxdtp2e6NbCHhxzGdkenw/view?usp=drive_link con selettore: [19,571][1061,838] Dettaglio + screenshot (accedere con le seguenti credenziali: user, axeposte@gmail.com; password, Poste2024!): Possibile metodologia risolutiva: Usa colori con un contrasto minimo di 4.5:1 per il testo normale e 3:1 per il testo grande. Controlla con strumenti come WebAIM o il contrast checker di Material Design. File di log (occorrenze rilevate: 5): https://posteitaliane.sharepoint.com/:x:/r/teams/ACCESSIBILITRISULTATIVERIFICHETECNICHE/Shared%20Documents/TGPOSTE_APP/TGPOSTE_APP/LOG/Log.xlsx?d=w630300a71bd74143a1658fe5ab688bc4&csf=1&web=1&e=Y9XHGL Link al dettaglio requisito WCAG: | AE2: =_xlfn.XLOOKUP(Tabella4[[#This Row],[ID Silk]],outTable[ID Silk],outTable[Numero ticket ],,0,1) -> 0 | AH2: =Tabella4[[#This Row],[Caricato su Silk]]&Tabella4[[#This Row],[HC_01]] -> 0 | AI2: =Tabella4[[#This Row],[HC_ID]]&": "&Tabella4[[#This Row],[Descrizione]] -> 0: | AJ2: =Tabella4[[#This Row],[HC_ID]]&": - "&Tabella4[[#This Row],[Detail]]&" con selettore: "&Tabella4[[#This Row],[Rejected Element]] -> 0: - https://drive.google.com/file/d/1Ky3onw1yTzntxdtp2e6NbCHhxzGdkenw/view?usp=drive_link con selettore: [19,571][1061,838] | AK2: =Tabella4[[#This Row],[HC_ID]]&": "&Tabella4[[#This Row],[Share URL]] -> 0: | AL2: =Tabella4[[#This Row],[HC_ID]]&": "&Tabella4[[#This Row],[Soluzione note aggiuntive]] -> 0: Usa colori con un contrasto minimo di 4.5:1 per il testo normale e 3:1 per il testo grande. Controlla con strumenti come WebAIM o il contrast checker di Material Design.
A3: =Tabella4[[#This Row],[UNI CEI EN 301549]]&Tabella4[[#This Row],[Servizio]] -> 11.2.5.8.1S002 Registrazione | B3: =Tabella4[[#This Row],[IssueID]]&Tabella4[[#This Row],[Servizio]] -> S002 Registrazione | C3: AAD002 | D3: ="(#"&Tabella4[[#This Row],['#ID]]&")" -> (#AAD002) | E3: Android | F3: AA | G3: 2.5.8 | H3: 11.2.5.8.1 | I3: 2 - Serious | J3: Blind;Low Vision;Mobility | K3: Touch target | M3: [836,139][1028,181] | N3: https://drive.google.com/file/d/1Ky3onw1yTzntxdtp2e6NbCHhxzGdkenw/view?usp=drive_link | O3: Home password dimenticata.txt | P3: #1 | Q3: Accessibility Scanner | S3: https://support.google.com/accessibility/android/answer/7101858?sjid=12879261749095892834-EU | T3: Aumenta le dimensioni minime degli elementi cliccabili o aggiungi padding/click area extra invisibile per raggiungere la dimensione minima. | U3: =COUNTIFS(Tabella4[Rejected Element],Tabella4[[#This Row],[Rejected Element]]) -> 15 | V3: S002 Registrazione | X3: =Tabella4[[#This Row],[User Impact]] -> 2 - Serious | Y3: =_xlfn.CONCAT("APP INDABOX ANDROID - ",Tabella4[[#This Row],[UNI CEI EN 301549]]," ",_xlfn.XLOOKUP(Tabella4[[#This Row],[Criterio]],Tabella5[ID],Tabella5[Criterio di successo],"")," - ",Tabella4[[#This Row],[Servizio]]) -> APP INDABOX ANDROID - 11.2.5.8.1 Dimensione dell'obiettivo (minimo) - S002 Registrazione | Z3: =_xlfn.CONCAT(Tabella4[[#This Row],[Titolo Defect]]," ",Tabella4[[#This Row],[ID defectXsilk]],CHAR(10),Tabella4[[#This Row],[Servizio]],CHAR(10),_xlfn.CONCAT("Requisito: WCAG ",Tabella4[[#This Row],[Criterio]],CHAR(10),"Disabilità afflitte: ",Tabella4[[#This Row],[Disabilities]],CHAR(10),"Impatto Utente: ",Tabella4[[#This Row],[User Impact]],CHAR(10),CHAR(10),"Descrizione: ",Tabella4[[#This Row],[Titolo]]," - ",Tabella4[[#This Row],[Descrizione]],CHAR(10),CHAR(10),"Esempio di violazione individuata sull'oggetto: ",CHAR(10)," - ",Tabella4[[#This Row],[Detail]]," con selettore: ",CHAR(10),Tabella4[[#This Row],[Rejected Element]],CHAR(10),CHAR(10),"Dettaglio + screenshot (accedere con le seguenti credenziali: user, axeposte@gmail.com; password, Poste2024!): ",Tabella4[[#This Row],[Share URL]],CHAR(10)),CHAR(10),"Possibile metodologia risolutiva:"&CHAR(10),Tabella4[[#This Row],[Soluzione note aggiuntive]],CHAR(10),CHAR(10),"File di log (occorrenze rilevate: "&COUNTIF(Tabella4[ID Silk],Tabella4[[#This Row],[ID Silk]])&"): https://posteitaliane.sharepoint.com/:x:/r/teams/ACCESSIBILITRISULTATIVERIFICHETECNICHE/Shared%20Documents/TGPOSTE_APP/TGPOSTE_APP/LOG/Log.xlsx?d=w630300a71bd74143a1658fe5ab688bc4&csf=1&web=1&e=Y9XHGL",CHAR(10),CHAR(10),"Link al dettaglio requisito WCAG: ",_xlfn.XLOOKUP(Tabella4[[#This Row],[UNI CEI EN 301549]],'Dati input'!F:F,'Dati input'!H:H,"",0)) -> APP INDABOX ANDROID - 11.2.5.8.1 Dimensione dell'obiettivo (minimo) - S002 Registrazione (#AAD002) S002 Registrazione Requisito: WCAG 2.5.8 Disabilità afflitte: Blind;Low Vision;Mobility Impatto Utente: 2 - Serious Descrizione: Touch target - Esempio di violazione individuata sull'oggetto: - https://drive.google.com/file/d/1Ky3onw1yTzntxdtp2e6NbCHhxzGdkenw/view?usp=drive_link con selettore: [836,139][1028,181] Dettaglio + screenshot (accedere con le seguenti credenziali: user, axeposte@gmail.com; password, Poste2024!): Possibile metodologia risolutiva: Aumenta le dimensioni minime degli elementi cliccabili o aggiungi padding/click area extra invisibile per raggiungere la dimensione minima. File di log (occorrenze rilevate: 31): https://posteitaliane.sharepoint.com/:x:/r/teams/ACCESSIBILITRISULTATIVERIFICHETECNICHE/Shared%20Documents/TGPOSTE_APP/TGPOSTE_APP/LOG/Log.xlsx?d=w630300a71bd74143a1658fe5ab688bc4&csf=1&web=1&e=Y9XHGL Link al dettaglio requisito WCAG: | AE3: =_xlfn.XLOOKUP(Tabella4[[#This Row],[ID Silk]],outTable[ID Silk],outTable[Numero ticket ],,0,1) -> #N/A | AH3: =Tabella4[[#This Row],[Caricato su Silk]]&Tabella4[[#This Row],[HC_01]] -> #N/A | AI3: =Tabella4[[#This Row],[HC_ID]]&": "&Tabella4[[#This Row],[Descrizione]] -> #N/A | AJ3: =Tabella4[[#This Row],[HC_ID]]&": - "&Tabella4[[#This Row],[Detail]]&" con selettore: "&Tabella4[[#This Row],[Rejected Element]] -> #N/A | AK3: =Tabella4[[#This Row],[HC_ID]]&": "&Tabella4[[#This Row],[Share URL]] -> #N/A | AL3: =Tabella4[[#This Row],[HC_ID]]&": "&Tabella4[[#This Row],[Soluzione note aggiuntive]] -> #N/A
A4: =Tabella4[[#This Row],[UNI CEI EN 301549]]&Tabella4[[#This Row],[Servizio]] -> 11.2.5.8.1S002 Registrazione | B4: =Tabella4[[#This Row],[IssueID]]&Tabella4[[#This Row],[Servizio]] -> S002 Registrazione | C4: AAD003 | D4: ="(#"&Tabella4[[#This Row],['#ID]]&")" -> (#AAD003) | E4: Android | F4: AA | G4: 2.5.8 | H4: 11.2.5.8.1 | I4: 2 - Serious | J4: Blind;Low Vision;Mobility | K4: Touch target | M4: [195,225][297,271] | N4: https://drive.google.com/file/d/1Ky3onw1yTzntxdtp2e6NbCHhxzGdkenw/view?usp=drive_link | O4: Home password dimenticata.txt | P4: #1 | Q4: Accessibility Scanner | S4: https://support.google.com/accessibility/android/answer/7101858?sjid=12879261749095892834-EU | T4: Aumenta le dimensioni minime degli elementi cliccabili o aggiungi padding/click area extra invisibile per raggiungere la dimensione minima. | U4: =COUNTIFS(Tabella4[Rejected Element],Tabella4[[#This Row],[Rejected Element]]) -> 14 | V4: S002 Registrazione | X4: =Tabella4[[#This Row],[User Impact]] -> 2 - Serious | Y4: =_xlfn.CONCAT("APP INDABOX ANDROID - ",Tabella4[[#This Row],[UNI CEI EN 301549]]," ",_xlfn.XLOOKUP(Tabella4[[#This Row],[Criterio]],Tabella5[ID],Tabella5[Criterio di successo],"")," - ",Tabella4[[#This Row],[Servizio]]) -> APP INDABOX ANDROID - 11.2.5.8.1 Dimensione dell'obiettivo (minimo) - S002 Registrazione | Z4: =_xlfn.CONCAT(Tabella4[[#This Row],[Titolo Defect]]," ",Tabella4[[#This Row],[ID defectXsilk]],CHAR(10),Tabella4[[#This Row],[Servizio]],CHAR(10),_xlfn.CONCAT("Requisito: WCAG ",Tabella4[[#This Row],[Criterio]],CHAR(10),"Disabilità afflitte: ",Tabella4[[#This Row],[Disabilities]],CHAR(10),"Impatto Utente: ",Tabella4[[#This Row],[User Impact]],CHAR(10),CHAR(10),"Descrizione: ",Tabella4[[#This Row],[Titolo]]," - ",Tabella4[[#This Row],[Descrizione]],CHAR(10),CHAR(10),"Esempio di violazione individuata sull'oggetto: ",CHAR(10)," - ",Tabella4[[#This Row],[Detail]]," con selettore: ",CHAR(10),Tabella4[[#This Row],[Rejected Element]],CHAR(10),CHAR(10),"Dettaglio + screenshot (accedere con le seguenti credenziali: user, axeposte@gmail.com; password, Poste2024!): ",Tabella4[[#This Row],[Share URL]],CHAR(10)),CHAR(10),"Possibile metodologia risolutiva:"&CHAR(10),Tabella4[[#This Row],[Soluzione note aggiuntive]],CHAR(10),CHAR(10),"File di log (occorrenze rilevate: "&COUNTIF(Tabella4[ID Silk],Tabella4[[#This Row],[ID Silk]])&"): https://posteitaliane.sharepoint.com/:x:/r/teams/ACCESSIBILITRISULTATIVERIFICHETECNICHE/Shared%20Documents/TGPOSTE_APP/TGPOSTE_APP/LOG/Log.xlsx?d=w630300a71bd74143a1658fe5ab688bc4&csf=1&web=1&e=Y9XHGL",CHAR(10),CHAR(10),"Link al dettaglio requisito WCAG: ",_xlfn.XLOOKUP(Tabella4[[#This Row],[UNI CEI EN 301549]],'Dati input'!F:F,'Dati input'!H:H,"",0)) -> APP INDABOX ANDROID - 11.2.5.8.1 Dimensione dell'obiettivo (minimo) - S002 Registrazione (#AAD003) S002 Registrazione Requisito: WCAG 2.5.8 Disabilità afflitte: Blind;Low Vision;Mobility Impatto Utente: 2 - Serious Descrizione: Touch target - Esempio di violazione individuata sull'oggetto: - https://drive.google.com/file/d/1Ky3onw1yTzntxdtp2e6NbCHhxzGdkenw/view?usp=drive_link con selettore: [195,225][297,271] Dettaglio + screenshot (accedere con le seguenti credenziali: user, axeposte@gmail.com; password, Poste2024!): Possibile metodologia risolutiva: Aumenta le dimensioni minime degli elementi cliccabili o aggiungi padding/click area extra invisibile per raggiungere la dimensione minima. File di log (occorrenze rilevate: 31): https://posteitaliane.sharepoint.com/:x:/r/teams/ACCESSIBILITRISULTATIVERIFICHETECNICHE/Shared%20Documents/TGPOSTE_APP/TGPOSTE_APP/LOG/Log.xlsx?d=w630300a71bd74143a1658fe5ab688bc4&csf=1&web=1&e=Y9XHGL Link al dettaglio requisito WCAG: | AE4: =_xlfn.XLOOKUP(Tabella4[[#This Row],[ID Silk]],outTable[ID Silk],outTable[Numero ticket ],,0,1) -> #N/A | AH4: =Tabella4[[#This Row],[Caricato su Silk]]&Tabella4[[#This Row],[HC_01]] -> #N/A | AI4: =Tabella4[[#This Row],[HC_ID]]&": "&Tabella4[[#This Row],[Descrizione]] -> #N/A | AJ4: =Tabella4[[#This Row],[HC_ID]]&": - "&Tabella4[[#This Row],[Detail]]&" con selettore: "&Tabella4[[#This Row],[Rejected Element]] -> #N/A | AK4: =Tabella4[[#This Row],[HC_ID]]&": "&Tabella4[[#This Row],[Share URL]] -> #N/A | AL4: =Tabella4[[#This Row],[HC_ID]]&": "&Tabella4[[#This Row],[Soluzione note aggiuntive]] -> #N/A
A5: =Tabella4[[#This Row],[UNI CEI EN 301549]]&Tabella4[[#This Row],[Servizio]] -> 11.2.5.8.1S002 Registrazione | B5: =Tabella4[[#This Row],[IssueID]]&Tabella4[[#This Row],[Servizio]] -> S002 Registrazione | C5: AAD004 | D5: ="(#"&Tabella4[[#This Row],['#ID]]&")" -> (#AAD004) | E5: Android | F5: AA | G5: 2.5.8 | H5: 11.2.5.8.1 | I5: 2 - Serious | J5: Blind;Low Vision;Mobility | K5: Touch target | M5: [341,225][486,271] | N5: https://drive.google.com/file/d/1Ky3onw1yTzntxdtp2e6NbCHhxzGdkenw/view?usp=drive_link | O5: Home password dimenticata.txt | P5: #1 | Q5: Accessibility Scanner | S5: https://support.google.com/accessibility/android/answer/7101858?sjid=12879261749095892834-EU | T5: Aumenta le dimensioni minime degli elementi cliccabili o aggiungi padding/click area extra invisibile per raggiungere la dimensione minima. | U5: =COUNTIFS(Tabella4[Rejected Element],Tabella4[[#This Row],[Rejected Element]]) -> 14 | V5: S002 Registrazione | X5: =Tabella4[[#This Row],[User Impact]] -> 2 - Serious | Y5: =_xlfn.CONCAT("APP INDABOX ANDROID - ",Tabella4[[#This Row],[UNI CEI EN 301549]]," ",_xlfn.XLOOKUP(Tabella4[[#This Row],[Criterio]],Tabella5[ID],Tabella5[Criterio di successo],"")," - ",Tabella4[[#This Row],[Servizio]]) -> APP INDABOX ANDROID - 11.2.5.8.1 Dimensione dell'obiettivo (minimo) - S002 Registrazione | Z5: =_xlfn.CONCAT(Tabella4[[#This Row],[Titolo Defect]]," ",Tabella4[[#This Row],[ID defectXsilk]],CHAR(10),Tabella4[[#This Row],[Servizio]],CHAR(10),_xlfn.CONCAT("Requisito: WCAG ",Tabella4[[#This Row],[Criterio]],CHAR(10),"Disabilità afflitte: ",Tabella4[[#This Row],[Disabilities]],CHAR(10),"Impatto Utente: ",Tabella4[[#This Row],[User Impact]],CHAR(10),CHAR(10),"Descrizione: ",Tabella4[[#This Row],[Titolo]]," - ",Tabella4[[#This Row],[Descrizione]],CHAR(10),CHAR(10),"Esempio di violazione individuata sull'oggetto: ",CHAR(10)," - ",Tabella4[[#This Row],[Detail]]," con selettore: ",CHAR(10),Tabella4[[#This Row],[Rejected Element]],CHAR(10),CHAR(10),"Dettaglio + screenshot (accedere con le seguenti credenziali: user, axeposte@gmail.com; password, Poste2024!): ",Tabella4[[#This Row],[Share URL]],CHAR(10)),CHAR(10),"Possibile metodologia risolutiva:"&CHAR(10),Tabella4[[#This Row],[Soluzione note aggiuntive]],CHAR(10),CHAR(10),"File di log (occorrenze rilevate: "&COUNTIF(Tabella4[ID Silk],Tabella4[[#This Row],[ID Silk]])&"): https://posteitaliane.sharepoint.com/:x:/r/teams/ACCESSIBILITRISULTATIVERIFICHETECNICHE/Shared%20Documents/TGPOSTE_APP/TGPOSTE_APP/LOG/Log.xlsx?d=w630300a71bd74143a1658fe5ab688bc4&csf=1&web=1&e=Y9XHGL",CHAR(10),CHAR(10),"Link al dettaglio requisito WCAG: ",_xlfn.XLOOKUP(Tabella4[[#This Row],[UNI CEI EN 301549]],'Dati input'!F:F,'Dati input'!H:H,"",0)) -> APP INDABOX ANDROID - 11.2.5.8.1 Dimensione dell'obiettivo (minimo) - S002 Registrazione (#AAD004) S002 Registrazione Requisito: WCAG 2.5.8 Disabilità afflitte: Blind;Low Vision;Mobility Impatto Utente: 2 - Serious Descrizione: Touch target - Esempio di violazione individuata sull'oggetto: - https://drive.google.com/file/d/1Ky3onw1yTzntxdtp2e6NbCHhxzGdkenw/view?usp=drive_link con selettore: [341,225][486,271] Dettaglio + screenshot (accedere con le seguenti credenziali: user, axeposte@gmail.com; password, Poste2024!): Possibile metodologia risolutiva: Aumenta le dimensioni minime degli elementi cliccabili o aggiungi padding/click area extra invisibile per raggiungere la dimensione minima. File di log (occorrenze rilevate: 31): https://posteitaliane.sharepoint.com/:x:/r/teams/ACCESSIBILITRISULTATIVERIFICHETECNICHE/Shared%20Documents/TGPOSTE_APP/TGPOSTE_APP/LOG/Log.xlsx?d=w630300a71bd74143a1658fe5ab688bc4&csf=1&web=1&e=Y9XHGL Link al dettaglio requisito WCAG: | AE5: =_xlfn.XLOOKUP(Tabella4[[#This Row],[ID Silk]],outTable[ID Silk],outTable[Numero ticket ],,0,1) -> #N/A | AH5: =Tabella4[[#This Row],[Caricato su Silk]]&Tabella4[[#This Row],[HC_01]] -> #N/A | AI5: =Tabella4[[#This Row],[HC_ID]]&": "&Tabella4[[#This Row],[Descrizione]] -> #N/A | AJ5: =Tabella4[[#This Row],[HC_ID]]&": - "&Tabella4[[#This Row],[Detail]]&" con selettore: "&Tabella4[[#This Row],[Rejected Element]] -> #N/A | AK5: =Tabella4[[#This Row],[HC_ID]]&": "&Tabella4[[#This Row],[Share URL]] -> #N/A | AL5: =Tabella4[[#This Row],[HC_ID]]&": "&Tabella4[[#This Row],[Soluzione note aggiuntive]] -> #N/A
A6: =Tabella4[[#This Row],[UNI CEI EN 301549]]&Tabella4[[#This Row],[Servizio]] -> 11.2.5.8.1S002 Registrazione | B6: =Tabella4[[#This Row],[IssueID]]&Tabella4[[#This Row],[Servizio]] -> S002 Registrazione | C6: AAD005 | D6: ="(#"&Tabella4[[#This Row],['#ID]]&")" -> (#AAD005) | E6: Android | F6: AA | G6: 2.5.8 | H6: 11.2.5.8.1 | I6: 2 - Serious | J6: Blind;Low Vision;Mobility | K6: Touch target | M6: [528,225][613,271] | N6: https://drive.google.com/file/d/1Ky3onw1yTzntxdtp2e6NbCHhxzGdkenw/view?usp=drive_link | O6: Home password dimenticata.txt | P6: #1 | Q6: Accessibility Scanner | S6: https://support.google.com/accessibility/android/answer/7101858?sjid=12879261749095892834-EU | T6: Aumenta le dimensioni minime degli elementi cliccabili o aggiungi padding/click area extra invisibile per raggiungere la dimensione minima. | U6: =COUNTIFS(Tabella4[Rejected Element],Tabella4[[#This Row],[Rejected Element]]) -> 14 | V6: S002 Registrazione | X6: =Tabella4[[#This Row],[User Impact]] -> 2 - Serious | Y6: =_xlfn.CONCAT("APP INDABOX ANDROID - ",Tabella4[[#This Row],[UNI CEI EN 301549]]," ",_xlfn.XLOOKUP(Tabella4[[#This Row],[Criterio]],Tabella5[ID],Tabella5[Criterio di successo],"")," - ",Tabella4[[#This Row],[Servizio]]) -> APP INDABOX ANDROID - 11.2.5.8.1 Dimensione dell'obiettivo (minimo) - S002 Registrazione | Z6: =_xlfn.CONCAT(Tabella4[[#This Row],[Titolo Defect]]," ",Tabella4[[#This Row],[ID defectXsilk]],CHAR(10),Tabella4[[#This Row],[Servizio]],CHAR(10),_xlfn.CONCAT("Requisito: WCAG ",Tabella4[[#This Row],[Criterio]],CHAR(10),"Disabilità afflitte: ",Tabella4[[#This Row],[Disabilities]],CHAR(10),"Impatto Utente: ",Tabella4[[#This Row],[User Impact]],CHAR(10),CHAR(10),"Descrizione: ",Tabella4[[#This Row],[Titolo]]," - ",Tabella4[[#This Row],[Descrizione]],CHAR(10),CHAR(10),"Esempio di violazione individuata sull'oggetto: ",CHAR(10)," - ",Tabella4[[#This Row],[Detail]]," con selettore: ",CHAR(10),Tabella4[[#This Row],[Rejected Element]],CHAR(10),CHAR(10),"Dettaglio + screenshot (accedere con le seguenti credenziali: user, axeposte@gmail.com; password, Poste2024!): ",Tabella4[[#This Row],[Share URL]],CHAR(10)),CHAR(10),"Possibile metodologia risolutiva:"&CHAR(10),Tabella4[[#This Row],[Soluzione note aggiuntive]],CHAR(10),CHAR(10),"File di log (occorrenze rilevate: "&COUNTIF(Tabella4[ID Silk],Tabella4[[#This Row],[ID Silk]])&"): https://posteitaliane.sharepoint.com/:x:/r/teams/ACCESSIBILITRISULTATIVERIFICHETECNICHE/Shared%20Documents/TGPOSTE_APP/TGPOSTE_APP/LOG/Log.xlsx?d=w630300a71bd74143a1658fe5ab688bc4&csf=1&web=1&e=Y9XHGL",CHAR(10),CHAR(10),"Link al dettaglio requisito WCAG: ",_xlfn.XLOOKUP(Tabella4[[#This Row],[UNI CEI EN 301549]],'Dati input'!F:F,'Dati input'!H:H,"",0)) -> APP INDABOX ANDROID - 11.2.5.8.1 Dimensione dell'obiettivo (minimo) - S002 Registrazione (#AAD005) S002 Registrazione Requisito: WCAG 2.5.8 Disabilità afflitte: Blind;Low Vision;Mobility Impatto Utente: 2 - Serious Descrizione: Touch target - Esempio di violazione individuata sull'oggetto: - https://drive.google.com/file/d/1Ky3onw1yTzntxdtp2e6NbCHhxzGdkenw/view?usp=drive_link con selettore: [528,225][613,271] Dettaglio + screenshot (accedere con le seguenti credenziali: user, axeposte@gmail.com; password, Poste2024!): Possibile metodologia risolutiva: Aumenta le dimensioni minime degli elementi cliccabili o aggiungi padding/click area extra invisibile per raggiungere la dimensione minima. File di log (occorrenze rilevate: 31): https://posteitaliane.sharepoint.com/:x:/r/teams/ACCESSIBILITRISULTATIVERIFICHETECNICHE/Shared%20Documents/TGPOSTE_APP/TGPOSTE_APP/LOG/Log.xlsx?d=w630300a71bd74143a1658fe5ab688bc4&csf=1&web=1&e=Y9XHGL Link al dettaglio requisito WCAG: | AE6: =_xlfn.XLOOKUP(Tabella4[[#This Row],[ID Silk]],outTable[ID Silk],outTable[Numero ticket ],,0,1) -> #N/A | AH6: =Tabella4[[#This Row],[Caricato su Silk]]&Tabella4[[#This Row],[HC_01]] -> #N/A | AI6: =Tabella4[[#This Row],[HC_ID]]&": "&Tabella4[[#This Row],[Descrizione]] -> #N/A | AJ6: =Tabella4[[#This Row],[HC_ID]]&": - "&Tabella4[[#This Row],[Detail]]&" con selettore: "&Tabella4[[#This Row],[Rejected Element]] -> #N/A | AK6: =Tabella4[[#This Row],[HC_ID]]&": "&Tabella4[[#This Row],[Share URL]] -> #N/A | AL6: =Tabella4[[#This Row],[HC_ID]]&": "&Tabella4[[#This Row],[Soluzione note aggiuntive]] -> #N/A
A7: =Tabella4[[#This Row],[UNI CEI EN 301549]]&Tabella4[[#This Row],[Servizio]] -> 11.2.5.8.1S002 Registrazione | B7: =Tabella4[[#This Row],[IssueID]]&Tabella4[[#This Row],[Servizio]] -> S002 Registrazione | C7: AAD006 | D7: ="(#"&Tabella4[[#This Row],['#ID]]&")" -> (#AAD006) | E7: Android | F7: AA | G7: 2.5.8 | H7: 11.2.5.8.1 | I7: 2 - Serious | J7: Blind;Low Vision;Mobility | K7: Touch target | M7: [654,225][781,271] | N7: https://drive.google.com/file/d/1Ky3onw1yTzntxdtp2e6NbCHhxzGdkenw/view?usp=drive_link | O7: Home password dimenticata.txt | P7: #1 | Q7: Accessibility Scanner | S7: https://support.google.com/accessibility/android/answer/7101858?sjid=12879261749095892834-EU | T7: Aumenta le dimensioni minime degli elementi cliccabili o aggiungi padding/click area extra invisibile per raggiungere la dimensione minima. | U7: =COUNTIFS(Tabella4[Rejected Element],Tabella4[[#This Row],[Rejected Element]]) -> 14 | V7: S002 Registrazione | X7: =Tabella4[[#This Row],[User Impact]] -> 2 - Serious | Y7: =_xlfn.CONCAT("APP INDABOX ANDROID - ",Tabella4[[#This Row],[UNI CEI EN 301549]]," ",_xlfn.XLOOKUP(Tabella4[[#This Row],[Criterio]],Tabella5[ID],Tabella5[Criterio di successo],"")," - ",Tabella4[[#This Row],[Servizio]]) -> APP INDABOX ANDROID - 11.2.5.8.1 Dimensione dell'obiettivo (minimo) - S002 Registrazione | Z7: =_xlfn.CONCAT(Tabella4[[#This Row],[Titolo Defect]]," ",Tabella4[[#This Row],[ID defectXsilk]],CHAR(10),Tabella4[[#This Row],[Servizio]],CHAR(10),_xlfn.CONCAT("Requisito: WCAG ",Tabella4[[#This Row],[Criterio]],CHAR(10),"Disabilità afflitte: ",Tabella4[[#This Row],[Disabilities]],CHAR(10),"Impatto Utente: ",Tabella4[[#This Row],[User Impact]],CHAR(10),CHAR(10),"Descrizione: ",Tabella4[[#This Row],[Titolo]]," - ",Tabella4[[#This Row],[Descrizione]],CHAR(10),CHAR(10),"Esempio di violazione individuata sull'oggetto: ",CHAR(10)," - ",Tabella4[[#This Row],[Detail]]," con selettore: ",CHAR(10),Tabella4[[#This Row],[Rejected Element]],CHAR(10),CHAR(10),"Dettaglio + screenshot (accedere con le seguenti credenziali: user, axeposte@gmail.com; password, Poste2024!): ",Tabella4[[#This Row],[Share URL]],CHAR(10)),CHAR(10),"Possibile metodologia risolutiva:"&CHAR(10),Tabella4[[#This Row],[Soluzione note aggiuntive]],CHAR(10),CHAR(10),"File di log (occorrenze rilevate: "&COUNTIF(Tabella4[ID Silk],Tabella4[[#This Row],[ID Silk]])&"): https://posteitaliane.sharepoint.com/:x:/r/teams/ACCESSIBILITRISULTATIVERIFICHETECNICHE/Shared%20Documents/TGPOSTE_APP/TGPOSTE_APP/LOG/Log.xlsx?d=w630300a71bd74143a1658fe5ab688bc4&csf=1&web=1&e=Y9XHGL",CHAR(10),CHAR(10),"Link al dettaglio requisito WCAG: ",_xlfn.XLOOKUP(Tabella4[[#This Row],[UNI CEI EN 301549]],'Dati input'!F:F,'Dati input'!H:H,"",0)) -> APP INDABOX ANDROID - 11.2.5.8.1 Dimensione dell'obiettivo (minimo) - S002 Registrazione (#AAD006) S002 Registrazione Requisito: WCAG 2.5.8 Disabilità afflitte: Blind;Low Vision;Mobility Impatto Utente: 2 - Serious Descrizione: Touch target - Esempio di violazione individuata sull'oggetto: - https://drive.google.com/file/d/1Ky3onw1yTzntxdtp2e6NbCHhxzGdkenw/view?usp=drive_link con selettore: [654,225][781,271] Dettaglio + screenshot (accedere con le seguenti credenziali: user, axeposte@gmail.com; password, Poste2024!): Possibile metodologia risolutiva: Aumenta le dimensioni minime degli elementi cliccabili o aggiungi padding/click area extra invisibile per raggiungere la dimensione minima. File di log (occorrenze rilevate: 31): https://posteitaliane.sharepoint.com/:x:/r/teams/ACCESSIBILITRISULTATIVERIFICHETECNICHE/Shared%20Documents/TGPOSTE_APP/TGPOSTE_APP/LOG/Log.xlsx?d=w630300a71bd74143a1658fe5ab688bc4&csf=1&web=1&e=Y9XHGL Link al dettaglio requisito WCAG: | AE7: =_xlfn.XLOOKUP(Tabella4[[#This Row],[ID Silk]],outTable[ID Silk],outTable[Numero ticket ],,0,1) -> #N/A | AH7: =Tabella4[[#This Row],[Caricato su Silk]]&Tabella4[[#This Row],[HC_01]] -> #N/A | AI7: =Tabella4[[#This Row],[HC_ID]]&": "&Tabella4[[#This Row],[Descrizione]] -> #N/A | AJ7: =Tabella4[[#This Row],[HC_ID]]&": - "&Tabella4[[#This Row],[Detail]]&" con selettore: "&Tabella4[[#This Row],[Rejected Element]] -> #N/A | AK7: =Tabella4[[#This Row],[HC_ID]]&": "&Tabella4[[#This Row],[Share URL]] -> #N/A | AL7: =Tabella4[[#This Row],[HC_ID]]&": "&Tabella4[[#This Row],[Soluzione note aggiuntive]] -> #N/A
A8: =Tabella4[[#This Row],[UNI CEI EN 301549]]&Tabella4[[#This Row],[Servizio]] -> 11.2.5.8.1S002 Registrazione | B8: =Tabella4[[#This Row],[IssueID]]&Tabella4[[#This Row],[Servizio]] -> S002 Registrazione | C8: AAD007 | D8: ="(#"&Tabella4[[#This Row],['#ID]]&")" -> (#AAD007) | E8: Android | F8: AA | G8: 2.5.8 | H8: 11.2.5.8.1 | I8: 2 - Serious | J8: Blind;Low Vision;Mobility | K8: Touch target | M8: [822,225][918,271] | N8: https://drive.google.com/file/d/1Ky3onw1yTzntxdtp2e6NbCHhxzGdkenw/view?usp=drive_link | O8: Home password dimenticata.txt | P8: #1 | Q8: Accessibility Scanner | S8: https://support.google.com/accessibility/android/answer/7101858?sjid=12879261749095892834-EU | T8: Aumenta le dimensioni minime degli elementi cliccabili o aggiungi padding/click area extra invisibile per raggiungere la dimensione minima. | U8: =COUNTIFS(Tabella4[Rejected Element],Tabella4[[#This Row],[Rejected Element]]) -> 14 | V8: S002 Registrazione | X8: =Tabella4[[#This Row],[User Impact]] -> 2 - Serious | Y8: =_xlfn.CONCAT("APP INDABOX ANDROID - ",Tabella4[[#This Row],[UNI CEI EN 301549]]," ",_xlfn.XLOOKUP(Tabella4[[#This Row],[Criterio]],Tabella5[ID],Tabella5[Criterio di successo],"")," - ",Tabella4[[#This Row],[Servizio]]) -> APP INDABOX ANDROID - 11.2.5.8.1 Dimensione dell'obiettivo (minimo) - S002 Registrazione | Z8: =_xlfn.CONCAT(Tabella4[[#This Row],[Titolo Defect]]," ",Tabella4[[#This Row],[ID defectXsilk]],CHAR(10),Tabella4[[#This Row],[Servizio]],CHAR(10),_xlfn.CONCAT("Requisito: WCAG ",Tabella4[[#This Row],[Criterio]],CHAR(10),"Disabilità afflitte: ",Tabella4[[#This Row],[Disabilities]],CHAR(10),"Impatto Utente: ",Tabella4[[#This Row],[User Impact]],CHAR(10),CHAR(10),"Descrizione: ",Tabella4[[#This Row],[Titolo]]," - ",Tabella4[[#This Row],[Descrizione]],CHAR(10),CHAR(10),"Esempio di violazione individuata sull'oggetto: ",CHAR(10)," - ",Tabella4[[#This Row],[Detail]]," con selettore: ",CHAR(10),Tabella4[[#This Row],[Rejected Element]],CHAR(10),CHAR(10),"Dettaglio + screenshot (accedere con le seguenti credenziali: user, axeposte@gmail.com; password, Poste2024!): ",Tabella4[[#This Row],[Share URL]],CHAR(10)),CHAR(10),"Possibile metodologia risolutiva:"&CHAR(10),Tabella4[[#This Row],[Soluzione note aggiuntive]],CHAR(10),CHAR(10),"File di log (occorrenze rilevate: "&COUNTIF(Tabella4[ID Silk],Tabella4[[#This Row],[ID Silk]])&"): https://posteitaliane.sharepoint.com/:x:/r/teams/ACCESSIBILITRISULTATIVERIFICHETECNICHE/Shared%20Documents/TGPOSTE_APP/TGPOSTE_APP/LOG/Log.xlsx?d=w630300a71bd74143a1658fe5ab688bc4&csf=1&web=1&e=Y9XHGL",CHAR(10),CHAR(10),"Link al dettaglio requisito WCAG: ",_xlfn.XLOOKUP(Tabella4[[#This Row],[UNI CEI EN 301549]],'Dati input'!F:F,'Dati input'!H:H,"",0)) -> APP INDABOX ANDROID - 11.2.5.8.1 Dimensione dell'obiettivo (minimo) - S002 Registrazione (#AAD007) S002 Registrazione Requisito: WCAG 2.5.8 Disabilità afflitte: Blind;Low Vision;Mobility Impatto Utente: 2 - Serious Descrizione: Touch target - Esempio di violazione individuata sull'oggetto: - https://drive.google.com/file/d/1Ky3onw1yTzntxdtp2e6NbCHhxzGdkenw/view?usp=drive_link con selettore: [822,225][918,271] Dettaglio + screenshot (accedere con le seguenti credenziali: user, axeposte@gmail.com; password, Poste2024!): Possibile metodologia risolutiva: Aumenta le dimensioni minime degli elementi cliccabili o aggiungi padding/click area extra invisibile per raggiungere la dimensione minima. File di log (occorrenze rilevate: 31): https://posteitaliane.sharepoint.com/:x:/r/teams/ACCESSIBILITRISULTATIVERIFICHETECNICHE/Shared%20Documents/TGPOSTE_APP/TGPOSTE_APP/LOG/Log.xlsx?d=w630300a71bd74143a1658fe5ab688bc4&csf=1&web=1&e=Y9XHGL Link al dettaglio requisito WCAG: | AE8: =_xlfn.XLOOKUP(Tabella4[[#This Row],[ID Silk]],outTable[ID Silk],outTable[Numero ticket ],,0,1) -> #N/A | AH8: =Tabella4[[#This Row],[Caricato su Silk]]&Tabella4[[#This Row],[HC_01]] -> #N/A | AI8: =Tabella4[[#This Row],[HC_ID]]&": "&Tabella4[[#This Row],[Descrizione]] -> #N/A | AJ8: =Tabella4[[#This Row],[HC_ID]]&": - "&Tabella4[[#This Row],[Detail]]&" con selettore: "&Tabella4[[#This Row],[Rejected Element]] -> #N/A | AK8: =Tabella4[[#This Row],[HC_ID]]&": "&Tabella4[[#This Row],[Share URL]] -> #N/A | AL8: =Tabella4[[#This Row],[HC_ID]]&": "&Tabella4[[#This Row],[Soluzione note aggiuntive]] -> #N/A
A9: =Tabella4[[#This Row],[UNI CEI EN 301549]]&Tabella4[[#This Row],[Servizio]] -> 11.2.5.8.1S001 Accedi | B9: =Tabella4[[#This Row],[IssueID]]&Tabella4[[#This Row],[Servizio]] -> S001 Accedi | C9: AAD008 | D9: ="(#"&Tabella4[[#This Row],['#ID]]&")" -> (#AAD008) | E9: Android | F9: AA | G9: 2.5.8 | H9: 11.2.5.8.1 | I9: 2 - Serious | J9: Blind;Low Vision;Mobility | K9: Touch target | M9: [836,139][1028,181] | N9: https://drive.google.com/file/d/1MhJPH9Vg8MXuazsMdsQsob8Jy-l-XuIz/view?usp=drive_link | O9: Home prezzi.txt | P9: #2 | Q9: Accessibility Scanner | S9: https://support.google.com/accessibility/android/answer/7101858?sjid=12879261749095892834-EU | T9: Aumenta le dimensioni minime degli elementi cliccabili o aggiungi padding/click area extra invisibile per raggiungere la dimensione minima. | U9: =COUNTIFS(Tabella4[Rejected Element],Tabella4[[#This Row],[Rejected Element]]) -> 15 | V9: S001 Accedi | X9: =Tabella4[[#This Row],[User Impact]] -> 2 - Serious | Y9: =_xlfn.CONCAT("APP INDABOX ANDROID - ",Tabella4[[#This Row],[UNI CEI EN 301549]]," ",_xlfn.XLOOKUP(Tabella4[[#This Row],[Criterio]],Tabella5[ID],Tabella5[Criterio di successo],"")," - ",Tabella4[[#This Row],[Servizio]]) -> APP INDABOX ANDROID - 11.2.5.8.1 Dimensione dell'obiettivo (minimo) - S001 Accedi | Z9: =_xlfn.CONCAT(Tabella4[[#This Row],[Titolo Defect]]," ",Tabella4[[#This Row],[ID defectXsilk]],CHAR(10),Tabella4[[#This Row],[Servizio]],CHAR(10),_xlfn.CONCAT("Requisito: WCAG ",Tabella4[[#This Row],[Criterio]],CHAR(10),"Disabilità afflitte: ",Tabella4[[#This Row],[Disabilities]],CHAR(10),"Impatto Utente: ",Tabella4[[#This Row],[User Impact]],CHAR(10),CHAR(10),"Descrizione: ",Tabella4[[#This Row],[Titolo]]," - ",Tabella4[[#This Row],[Descrizione]],CHAR(10),CHAR(10),"Esempio di violazione individuata sull'oggetto: ",CHAR(10)," - ",Tabella4[[#This Row],[Detail]]," con selettore: ",CHAR(10),Tabella4[[#This Row],[Rejected Element]],CHAR(10),CHAR(10),"Dettaglio + screenshot (accedere con le seguenti credenziali: user, axeposte@gmail.com; password, Poste2024!): ",Tabella4[[#This Row],[Share URL]],CHAR(10)),CHAR(10),"Possibile metodologia risolutiva:"&CHAR(10),Tabella4[[#This Row],[Soluzione note aggiuntive]],CHAR(10),CHAR(10),"File di log (occorrenze rilevate: "&COUNTIF(Tabella4[ID Silk],Tabella4[[#This Row],[ID Silk]])&"): https://posteitaliane.sharepoint.com/:x:/r/teams/ACCESSIBILITRISULTATIVERIFICHETECNICHE/Shared%20Documents/TGPOSTE_APP/TGPOSTE_APP/LOG/Log.xlsx?d=w630300a71bd74143a1658fe5ab688bc4&csf=1&web=1&e=Y9XHGL",CHAR(10),CHAR(10),"Link al dettaglio requisito WCAG: ",_xlfn.XLOOKUP(Tabella4[[#This Row],[UNI CEI EN 301549]],'Dati input'!F:F,'Dati input'!H:H,"",0)) -> APP INDABOX ANDROID - 11.2.5.8.1 Dimensione dell'obiettivo (minimo) - S001 Accedi (#AAD008) S001 Accedi Requisito: WCAG 2.5.8 Disabilità afflitte: Blind;Low Vision;Mobility Impatto Utente: 2 - Serious Descrizione: Touch target - Esempio di violazione individuata sull'oggetto: - https://drive.google.com/file/d/1MhJPH9Vg8MXuazsMdsQsob8Jy-l-XuIz/view?usp=drive_link con selettore: [836,139][1028,181] Dettaglio + screenshot (accedere con le seguenti credenziali: user, axeposte@gmail.com; password, Poste2024!): Possibile metodologia risolutiva: Aumenta le dimensioni minime degli elementi cliccabili o aggiungi padding/click area extra invisibile per raggiungere la dimensione minima. File di log (occorrenze rilevate: 113): https://posteitaliane.sharepoint.com/:x:/r/teams/ACCESSIBILITRISULTATIVERIFICHETECNICHE/Shared%20Documents/TGPOSTE_APP/TGPOSTE_APP/LOG/Log.xlsx?d=w630300a71bd74143a1658fe5ab688bc4&csf=1&web=1&e=Y9XHGL Link al dettaglio requisito WCAG: | AE9: =_xlfn.XLOOKUP(Tabella4[[#This Row],[ID Silk]],outTable[ID Silk],outTable[Numero ticket ],,0,1) -> #N/A | AH9: =Tabella4[[#This Row],[Caricato su Silk]]&Tabella4[[#This Row],[HC_01]] -> #N/A | AI9: =Tabella4[[#This Row],[HC_ID]]&": "&Tabella4[[#This Row],[Descrizione]] -> #N/A | AJ9: =Tabella4[[#This Row],[HC_ID]]&": - "&Tabella4[[#This Row],[Detail]]&" con selettore: "&Tabella4[[#This Row],[Rejected Element]] -> #N/A | AK9: =Tabella4[[#This Row],[HC_ID]]&": "&Tabella4[[#This Row],[Share URL]] -> #N/A | AL9: =Tabella4[[#This Row],[HC_ID]]&": "&Tabella4[[#This Row],[Soluzione note aggiuntive]] -> #N/A
A10: =Tabella4[[#This Row],[UNI CEI EN 301549]]&Tabella4[[#This Row],[Servizio]] -> 11.2.5.8.1S001 Accedi | B10: =Tabella4[[#This Row],[IssueID]]&Tabella4[[#This Row],[Servizio]] -> S001 Accedi | C10: AAD009 | D10: ="(#"&Tabella4[[#This Row],['#ID]]&")" -> (#AAD009) | E10: Android | F10: AA | G10: 2.5.8 | H10: 11.2.5.8.1 | I10: 2 - Serious | J10: Blind;Low Vision;Mobility | K10: Touch target | M10: [195,225][297,271] | N10: https://drive.google.com/file/d/1MhJPH9Vg8MXuazsMdsQsob8Jy-l-XuIz/view?usp=drive_link | O10: Home prezzi.txt | P10: #2 | Q10: Accessibility Scanner | S10: https://support.google.com/accessibility/android/answer/7101858?sjid=12879261749095892834-EU | T10: Aumenta le dimensioni minime degli elementi cliccabili o aggiungi padding/click area extra invisibile per raggiungere la dimensione minima. | U10: =COUNTIFS(Tabella4[Rejected Element],Tabella4[[#This Row],[Rejected Element]]) -> 14 | V10: S001 Accedi | X10: =Tabella4[[#This Row],[User Impact]] -> 2 - Serious | Y10: =_xlfn.CONCAT("APP INDABOX ANDROID - ",Tabella4[[#This Row],[UNI CEI EN 301549]]," ",_xlfn.XLOOKUP(Tabella4[[#This Row],[Criterio]],Tabella5[ID],Tabella5[Criterio di successo],"")," - ",Tabella4[[#This Row],[Servizio]]) -> APP INDABOX ANDROID - 11.2.5.8.1 Dimensione dell'obiettivo (minimo) - S001 Accedi | Z10: =_xlfn.CONCAT(Tabella4[[#This Row],[Titolo Defect]]," ",Tabella4[[#This Row],[ID defectXsilk]],CHAR(10),Tabella4[[#This Row],[Servizio]],CHAR(10),_xlfn.CONCAT("Requisito: WCAG ",Tabella4[[#This Row],[Criterio]],CHAR(10),"Disabilità afflitte: ",Tabella4[[#This Row],[Disabilities]],CHAR(10),"Impatto Utente: ",Tabella4[[#This Row],[User Impact]],CHAR(10),CHAR(10),"Descrizione: ",Tabella4[[#This Row],[Titolo]]," - ",Tabella4[[#This Row],[Descrizione]],CHAR(10),CHAR(10),"Esempio di violazione individuata sull'oggetto: ",CHAR(10)," - ",Tabella4[[#This Row],[Detail]]," con selettore: ",CHAR(10),Tabella4[[#This Row],[Rejected Element]],CHAR(10),CHAR(10),"Dettaglio + screenshot (accedere con le seguenti credenziali: user, axeposte@gmail.com; password, Poste2024!): ",Tabella4[[#This Row],[Share URL]],CHAR(10)),CHAR(10),"Possibile metodologia risolutiva:"&CHAR(10),Tabella4[[#This Row],[Soluzione note aggiuntive]],CHAR(10),CHAR(10),"File di log (occorrenze rilevate: "&COUNTIF(Tabella4[ID Silk],Tabella4[[#This Row],[ID Silk]])&"): https://posteitaliane.sharepoint.com/:x:/r/teams/ACCESSIBILITRISULTATIVERIFICHETECNICHE/Shared%20Documents/TGPOSTE_APP/TGPOSTE_APP/LOG/Log.xlsx?d=w630300a71bd74143a1658fe5ab688bc4&csf=1&web=1&e=Y9XHGL",CHAR(10),CHAR(10),"Link al dettaglio requisito WCAG: ",_xlfn.XLOOKUP(Tabella4[[#This Row],[UNI CEI EN 301549]],'Dati input'!F:F,'Dati input'!H:H,"",0)) -> APP INDABOX ANDROID - 11.2.5.8.1 Dimensione dell'obiettivo (minimo) - S001 Accedi (#AAD009) S001 Accedi Requisito: WCAG 2.5.8 Disabilità afflitte: Blind;Low Vision;Mobility Impatto Utente: 2 - Serious Descrizione: Touch target - Esempio di violazione individuata sull'oggetto: - https://drive.google.com/file/d/1MhJPH9Vg8MXuazsMdsQsob8Jy-l-XuIz/view?usp=drive_link con selettore: [195,225][297,271] Dettaglio + screenshot (accedere con le seguenti credenziali: user, axeposte@gmail.com; password, Poste2024!): Possibile metodologia risolutiva: Aumenta le dimensioni minime degli elementi cliccabili o aggiungi padding/click area extra invisibile per raggiungere la dimensione minima. File di log (occorrenze rilevate: 113): https://posteitaliane.sharepoint.com/:x:/r/teams/ACCESSIBILITRISULTATIVERIFICHETECNICHE/Shared%20Documents/TGPOSTE_APP/TGPOSTE_APP/LOG/Log.xlsx?d=w630300a71bd74143a1658fe5ab688bc4&csf=1&web=1&e=Y9XHGL Link al dettaglio requisito WCAG: | AE10: =_xlfn.XLOOKUP(Tabella4[[#This Row],[ID Silk]],outTable[ID Silk],outTable[Numero ticket ],,0,1) -> #N/A | AH10: =Tabella4[[#This Row],[Caricato su Silk]]&Tabella4[[#This Row],[HC_01]] -> #N/A | AI10: =Tabella4[[#This Row],[HC_ID]]&": "&Tabella4[[#This Row],[Descrizione]] -> #N/A | AJ10: =Tabella4[[#This Row],[HC_ID]]&": - "&Tabella4[[#This Row],[Detail]]&" con selettore: "&Tabella4[[#This Row],[Rejected Element]] -> #N/A | AK10: =Tabella4[[#This Row],[HC_ID]]&": "&Tabella4[[#This Row],[Share URL]] -> #N/A | AL10: =Tabella4[[#This Row],[HC_ID]]&": "&Tabella4[[#This Row],[Soluzione note aggiuntive]] -> #N/A
A11: =Tabella4[[#This Row],[UNI CEI EN 301549]]&Tabella4[[#This Row],[Servizio]] -> 11.2.5.8.1S001 Accedi | B11: =Tabella4[[#This Row],[IssueID]]&Tabella4[[#This Row],[Servizio]] -> S001 Accedi | C11: AAD010 | D11: ="(#"&Tabella4[[#This Row],['#ID]]&")" -> (#AAD010) | E11: Android | F11: AA | G11: 2.5.8 | H11: 11.2.5.8.1 | I11: 2 - Serious | J11: Blind;Low Vision;Mobility | K11: Touch target | M11: [341,225][486,271] | N11: https://drive.google.com/file/d/1MhJPH9Vg8MXuazsMdsQsob8Jy-l-XuIz/view?usp=drive_link | O11: Home prezzi.txt | P11: #2 | Q11: Accessibility Scanner | S11: https://support.google.com/accessibility/android/answer/7101858?sjid=12879261749095892834-EU | T11: Aumenta le dimensioni minime degli elementi cliccabili o aggiungi padding/click area extra invisibile per raggiungere la dimensione minima. | U11: =COUNTIFS(Tabella4[Rejected Element],Tabella4[[#This Row],[Rejected Element]]) -> 14 | V11: S001 Accedi | X11: =Tabella4[[#This Row],[User Impact]] -> 2 - Serious | Y11: =_xlfn.CONCAT("APP INDABOX ANDROID - ",Tabella4[[#This Row],[UNI CEI EN 301549]]," ",_xlfn.XLOOKUP(Tabella4[[#This Row],[Criterio]],Tabella5[ID],Tabella5[Criterio di successo],"")," - ",Tabella4[[#This Row],[Servizio]]) -> APP INDABOX ANDROID - 11.2.5.8.1 Dimensione dell'obiettivo (minimo) - S001 Accedi | Z11: =_xlfn.CONCAT(Tabella4[[#This Row],[Titolo Defect]]," ",Tabella4[[#This Row],[ID defectXsilk]],CHAR(10),Tabella4[[#This Row],[Servizio]],CHAR(10),_xlfn.CONCAT("Requisito: WCAG ",Tabella4[[#This Row],[Criterio]],CHAR(10),"Disabilità afflitte: ",Tabella4[[#This Row],[Disabilities]],CHAR(10),"Impatto Utente: ",Tabella4[[#This Row],[User Impact]],CHAR(10),CHAR(10),"Descrizione: ",Tabella4[[#This Row],[Titolo]]," - ",Tabella4[[#This Row],[Descrizione]],CHAR(10),CHAR(10),"Esempio di violazione individuata sull'oggetto: ",CHAR(10)," - ",Tabella4[[#This Row],[Detail]]," con selettore: ",CHAR(10),Tabella4[[#This Row],[Rejected Element]],CHAR(10),CHAR(10),"Dettaglio + screenshot (accedere con le seguenti credenziali: user, axeposte@gmail.com; password, Poste2024!): ",Tabella4[[#This Row],[Share URL]],CHAR(10)),CHAR(10),"Possibile metodologia risolutiva:"&CHAR(10),Tabella4[[#This Row],[Soluzione note aggiuntive]],CHAR(10),CHAR(10),"File di log (occorrenze rilevate: "&COUNTIF(Tabella4[ID Silk],Tabella4[[#This Row],[ID Silk]])&"): https://posteitaliane.sharepoint.com/:x:/r/teams/ACCESSIBILITRISULTATIVERIFICHETECNICHE/Shared%20Documents/TGPOSTE_APP/TGPOSTE_APP/LOG/Log.xlsx?d=w630300a71bd74143a1658fe5ab688bc4&csf=1&web=1&e=Y9XHGL",CHAR(10),CHAR(10),"Link al dettaglio requisito WCAG: ",_xlfn.XLOOKUP(Tabella4[[#This Row],[UNI CEI EN 301549]],'Dati input'!F:F,'Dati input'!H:H,"",0)) -> APP INDABOX ANDROID - 11.2.5.8.1 Dimensione dell'obiettivo (minimo) - S001 Accedi (#AAD010) S001 Accedi Requisito: WCAG 2.5.8 Disabilità afflitte: Blind;Low Vision;Mobility Impatto Utente: 2 - Serious Descrizione: Touch target - Esempio di violazione individuata sull'oggetto: - https://drive.google.com/file/d/1MhJPH9Vg8MXuazsMdsQsob8Jy-l-XuIz/view?usp=drive_link con selettore: [341,225][486,271] Dettaglio + screenshot (accedere con le seguenti credenziali: user, axeposte@gmail.com; password, Poste2024!): Possibile metodologia risolutiva: Aumenta le dimensioni minime degli elementi cliccabili o aggiungi padding/click area extra invisibile per raggiungere la dimensione minima. File di log (occorrenze rilevate: 113): https://posteitaliane.sharepoint.com/:x:/r/teams/ACCESSIBILITRISULTATIVERIFICHETECNICHE/Shared%20Documents/TGPOSTE_APP/TGPOSTE_APP/LOG/Log.xlsx?d=w630300a71bd74143a1658fe5ab688bc4&csf=1&web=1&e=Y9XHGL Link al dettaglio requisito WCAG: | AE11: =_xlfn.XLOOKUP(Tabella4[[#This Row],[ID Silk]],outTable[ID Silk],outTable[Numero ticket ],,0,1) -> #N/A | AH11: =Tabella4[[#This Row],[Caricato su Silk]]&Tabella4[[#This Row],[HC_01]] -> #N/A | AI11: =Tabella4[[#This Row],[HC_ID]]&": "&Tabella4[[#This Row],[Descrizione]] -> #N/A | AJ11: =Tabella4[[#This Row],[HC_ID]]&": - "&Tabella4[[#This Row],[Detail]]&" con selettore: "&Tabella4[[#This Row],[Rejected Element]] -> #N/A | AK11: =Tabella4[[#This Row],[HC_ID]]&": "&Tabella4[[#This Row],[Share URL]] -> #N/A | AL11: =Tabella4[[#This Row],[HC_ID]]&": "&Tabella4[[#This Row],[Soluzione note aggiuntive]] -> #N/A
A12: =Tabella4[[#This Row],[UNI CEI EN 301549]]&Tabella4[[#This Row],[Servizio]] -> 11.2.5.8.1S001 Accedi | B12: =Tabella4[[#This Row],[IssueID]]&Tabella4[[#This Row],[Servizio]] -> S001 Accedi | C12: AAD011 | D12: ="(#"&Tabella4[[#This Row],['#ID]]&")" -> (#AAD011) | E12: Android | F12: AA | G12: 2.5.8 | H12: 11.2.5.8.1 | I12: 2 - Serious | J12: Blind;Low Vision;Mobility | K12: Touch target | M12: [528,225][613,271] | N12: https://drive.google.com/file/d/1MhJPH9Vg8MXuazsMdsQsob8Jy-l-XuIz/view?usp=drive_link | O12: Home prezzi.txt | P12: #2 | Q12: Accessibility Scanner | S12: https://support.google.com/accessibility/android/answer/7101858?sjid=12879261749095892834-EU | T12: Aumenta le dimensioni minime degli elementi cliccabili o aggiungi padding/click area extra invisibile per raggiungere la dimensione minima. | U12: =COUNTIFS(Tabella4[Rejected Element],Tabella4[[#This Row],[Rejected Element]]) -> 14 | V12: S001 Accedi | X12: =Tabella4[[#This Row],[User Impact]] -> 2 - Serious | Y12: =_xlfn.CONCAT("APP INDABOX ANDROID - ",Tabella4[[#This Row],[UNI CEI EN 301549]]," ",_xlfn.XLOOKUP(Tabella4[[#This Row],[Criterio]],Tabella5[ID],Tabella5[Criterio di successo],"")," - ",Tabella4[[#This Row],[Servizio]]) -> APP INDABOX ANDROID - 11.2.5.8.1 Dimensione dell'obiettivo (minimo) - S001 Accedi | Z12: =_xlfn.CONCAT(Tabella4[[#This Row],[Titolo Defect]]," ",Tabella4[[#This Row],[ID defectXsilk]],CHAR(10),Tabella4[[#This Row],[Servizio]],CHAR(10),_xlfn.CONCAT("Requisito: WCAG ",Tabella4[[#This Row],[Criterio]],CHAR(10),"Disabilità afflitte: ",Tabella4[[#This Row],[Disabilities]],CHAR(10),"Impatto Utente: ",Tabella4[[#This Row],[User Impact]],CHAR(10),CHAR(10),"Descrizione: ",Tabella4[[#This Row],[Titolo]]," - ",Tabella4[[#This Row],[Descrizione]],CHAR(10),CHAR(10),"Esempio di violazione individuata sull'oggetto: ",CHAR(10)," - ",Tabella4[[#This Row],[Detail]]," con selettore: ",CHAR(10),Tabella4[[#This Row],[Rejected Element]],CHAR(10),CHAR(10),"Dettaglio + screenshot (accedere con le seguenti credenziali: user, axeposte@gmail.com; password, Poste2024!): ",Tabella4[[#This Row],[Share URL]],CHAR(10)),CHAR(10),"Possibile metodologia risolutiva:"&CHAR(10),Tabella4[[#This Row],[Soluzione note aggiuntive]],CHAR(10),CHAR(10),"File di log (occorrenze rilevate: "&COUNTIF(Tabella4[ID Silk],Tabella4[[#This Row],[ID Silk]])&"): https://posteitaliane.sharepoint.com/:x:/r/teams/ACCESSIBILITRISULTATIVERIFICHETECNICHE/Shared%20Documents/TGPOSTE_APP/TGPOSTE_APP/LOG/Log.xlsx?d=w630300a71bd74143a1658fe5ab688bc4&csf=1&web=1&e=Y9XHGL",CHAR(10),CHAR(10),"Link al dettaglio requisito WCAG: ",_xlfn.XLOOKUP(Tabella4[[#This Row],[UNI CEI EN 301549]],'Dati input'!F:F,'Dati input'!H:H,"",0)) -> APP INDABOX ANDROID - 11.2.5.8.1 Dimensione dell'obiettivo (minimo) - S001 Accedi (#AAD011) S001 Accedi Requisito: WCAG 2.5.8 Disabilità afflitte: Blind;Low Vision;Mobility Impatto Utente: 2 - Serious Descrizione: Touch target - Esempio di violazione individuata sull'oggetto: - https://drive.google.com/file/d/1MhJPH9Vg8MXuazsMdsQsob8Jy-l-XuIz/view?usp=drive_link con selettore: [528,225][613,271] Dettaglio + screenshot (accedere con le seguenti credenziali: user, axeposte@gmail.com; password, Poste2024!): Possibile metodologia risolutiva: Aumenta le dimensioni minime degli elementi cliccabili o aggiungi padding/click area extra invisibile per raggiungere la dimensione minima. File di log (occorrenze rilevate: 113): https://posteitaliane.sharepoint.com/:x:/r/teams/ACCESSIBILITRISULTATIVERIFICHETECNICHE/Shared%20Documents/TGPOSTE_APP/TGPOSTE_APP/LOG/Log.xlsx?d=w630300a71bd74143a1658fe5ab688bc4&csf=1&web=1&e=Y9XHGL Link al dettaglio requisito WCAG: | AE12: =_xlfn.XLOOKUP(Tabella4[[#This Row],[ID Silk]],outTable[ID Silk],outTable[Numero ticket ],,0,1) -> #N/A | AH12: =Tabella4[[#This Row],[Caricato su Silk]]&Tabella4[[#This Row],[HC_01]] -> #N/A | AI12: =Tabella4[[#This Row],[HC_ID]]&": "&Tabella4[[#This Row],[Descrizione]] -> #N/A | AJ12: =Tabella4[[#This Row],[HC_ID]]&": - "&Tabella4[[#This Row],[Detail]]&" con selettore: "&Tabella4[[#This Row],[Rejected Element]] -> #N/A | AK12: =Tabella4[[#This Row],[HC_ID]]&": "&Tabella4[[#This Row],[Share URL]] -> #N/A | AL12: =Tabella4[[#This Row],[HC_ID]]&": "&Tabella4[[#This Row],[Soluzione note aggiuntive]] -> #N/A
A13: =Tabella4[[#This Row],[UNI CEI EN 301549]]&Tabella4[[#This Row],[Servizio]] -> 11.2.5.8.1S001 Accedi | B13: =Tabella4[[#This Row],[IssueID]]&Tabella4[[#This Row],[Servizio]] -> S001 Accedi | C13: AAD012 | D13: ="(#"&Tabella4[[#This Row],['#ID]]&")" -> (#AAD012) | E13: Android | F13: AA | G13: 2.5.8 | H13: 11.2.5.8.1 | I13: 2 - Serious | J13: Blind;Low Vision;Mobility | K13: Touch target | M13: [654,225][781,271] | N13: https://drive.google.com/file/d/1MhJPH9Vg8MXuazsMdsQsob8Jy-l-XuIz/view?usp=drive_link | O13: Home prezzi.txt | P13: #2 | Q13: Accessibility Scanner | S13: https://support.google.com/accessibility/android/answer/7101858?sjid=12879261749095892834-EU | T13: Aumenta le dimensioni minime degli elementi cliccabili o aggiungi padding/click area extra invisibile per raggiungere la dimensione minima. | U13: =COUNTIFS(Tabella4[Rejected Element],Tabella4[[#This Row],[Rejected Element]]) -> 14 | V13: S001 Accedi | X13: =Tabella4[[#This Row],[User Impact]] -> 2 - Serious | Y13: =_xlfn.CONCAT("APP INDABOX ANDROID - ",Tabella4[[#This Row],[UNI CEI EN 301549]]," ",_xlfn.XLOOKUP(Tabella4[[#This Row],[Criterio]],Tabella5[ID],Tabella5[Criterio di successo],"")," - ",Tabella4[[#This Row],[Servizio]]) -> APP INDABOX ANDROID - 11.2.5.8.1 Dimensione dell'obiettivo (minimo) - S001 Accedi | Z13: =_xlfn.CONCAT(Tabella4[[#This Row],[Titolo Defect]]," ",Tabella4[[#This Row],[ID defectXsilk]],CHAR(10),Tabella4[[#This Row],[Servizio]],CHAR(10),_xlfn.CONCAT("Requisito: WCAG ",Tabella4[[#This Row],[Criterio]],CHAR(10),"Disabilità afflitte: ",Tabella4[[#This Row],[Disabilities]],CHAR(10),"Impatto Utente: ",Tabella4[[#This Row],[User Impact]],CHAR(10),CHAR(10),"Descrizione: ",Tabella4[[#This Row],[Titolo]]," - ",Tabella4[[#This Row],[Descrizione]],CHAR(10),CHAR(10),"Esempio di violazione individuata sull'oggetto: ",CHAR(10)," - ",Tabella4[[#This Row],[Detail]]," con selettore: ",CHAR(10),Tabella4[[#This Row],[Rejected Element]],CHAR(10),CHAR(10),"Dettaglio + screenshot (accedere con le seguenti credenziali: user, axeposte@gmail.com; password, Poste2024!): ",Tabella4[[#This Row],[Share URL]],CHAR(10)),CHAR(10),"Possibile metodologia risolutiva:"&CHAR(10),Tabella4[[#This Row],[Soluzione note aggiuntive]],CHAR(10),CHAR(10),"File di log (occorrenze rilevate: "&COUNTIF(Tabella4[ID Silk],Tabella4[[#This Row],[ID Silk]])&"): https://posteitaliane.sharepoint.com/:x:/r/teams/ACCESSIBILITRISULTATIVERIFICHETECNICHE/Shared%20Documents/TGPOSTE_APP/TGPOSTE_APP/LOG/Log.xlsx?d=w630300a71bd74143a1658fe5ab688bc4&csf=1&web=1&e=Y9XHGL",CHAR(10),CHAR(10),"Link al dettaglio requisito WCAG: ",_xlfn.XLOOKUP(Tabella4[[#This Row],[UNI CEI EN 301549]],'Dati input'!F:F,'Dati input'!H:H,"",0)) -> APP INDABOX ANDROID - 11.2.5.8.1 Dimensione dell'obiettivo (minimo) - S001 Accedi (#AAD012) S001 Accedi Requisito: WCAG 2.5.8 Disabilità afflitte: Blind;Low Vision;Mobility Impatto Utente: 2 - Serious Descrizione: Touch target - Esempio di violazione individuata sull'oggetto: - https://drive.google.com/file/d/1MhJPH9Vg8MXuazsMdsQsob8Jy-l-XuIz/view?usp=drive_link con selettore: [654,225][781,271] Dettaglio + screenshot (accedere con le seguenti credenziali: user, axeposte@gmail.com; password, Poste2024!): Possibile metodologia risolutiva: Aumenta le dimensioni minime degli elementi cliccabili o aggiungi padding/click area extra invisibile per raggiungere la dimensione minima. File di log (occorrenze rilevate: 113): https://posteitaliane.sharepoint.com/:x:/r/teams/ACCESSIBILITRISULTATIVERIFICHETECNICHE/Shared%20Documents/TGPOSTE_APP/TGPOSTE_APP/LOG/Log.xlsx?d=w630300a71bd74143a1658fe5ab688bc4&csf=1&web=1&e=Y9XHGL Link al dettaglio requisito WCAG: | AE13: =_xlfn.XLOOKUP(Tabella4[[#This Row],[ID Silk]],outTable[ID Silk],outTable[Numero ticket ],,0,1) -> #N/A | AH13: =Tabella4[[#This Row],[Caricato su Silk]]&Tabella4[[#This Row],[HC_01]] -> #N/A | AI13: =Tabella4[[#This Row],[HC_ID]]&": "&Tabella4[[#This Row],[Descrizione]] -> #N/A | AJ13: =Tabella4[[#This Row],[HC_ID]]&": - "&Tabella4[[#This Row],[Detail]]&" con selettore: "&Tabella4[[#This Row],[Rejected Element]] -> #N/A | AK13: =Tabella4[[#This Row],[HC_ID]]&": "&Tabella4[[#This Row],[Share URL]] -> #N/A | AL13: =Tabella4[[#This Row],[HC_ID]]&": "&Tabella4[[#This Row],[Soluzione note aggiuntive]] -> #N/A
... A684: =Tabella4[[#This Row],[UNI CEI EN 301549]]&Tabella4[[#This Row],[Servizio]] -> 11.2.5.8.1S004 Spedisci (IndaBox Spedizione Pacchi) | B684: =Tabella4[[#This Row],[IssueID]]&Tabella4[[#This Row],[Servizio]] -> S004 Spedisci (IndaBox Spedizione Pacchi) | C684: AAD683 | D684: ="(#"&Tabella4[[#This Row],['#ID]]&")" -> (#AAD683) | E684: Android | F684: AA | G684: 2.5.8 | H684: 11.2.5.8.1 | I684: 2 - Serious | J684: Blind;Low Vision;Mobility | K684: Touch target | M684: [822,225][918,271] | N684: https://drive.google.com/file/d/1djppeH8re_JWS3xCFkC5VFxVcgJmbPTZ/view?usp=drive_link | O684: Pubblico spedisci.txt | P684: #45 | Q684: Accessibility Scanner | S684: https://support.google.com/accessibility/android/answer/7101858?sjid=12879261749095892834-EU | T684: Aumenta le dimensioni minime degli elementi cliccabili o aggiungi padding/click area extra invisibile per raggiungere la dimensione minima. | U684: =COUNTIFS(Tabella4[Rejected Element],Tabella4[[#This Row],[Rejected Element]]) -> 14 | V684: S004 Spedisci (IndaBox Spedizione Pacchi) | X684: =Tabella4[[#This Row],[User Impact]] -> 2 - Serious | Y684: =_xlfn.CONCAT("APP INDABOX ANDROID - ",Tabella4[[#This Row],[UNI CEI EN 301549]]," ",_xlfn.XLOOKUP(Tabella4[[#This Row],[Criterio]],Tabella5[ID],Tabella5[Criterio di successo],"")," - ",Tabella4[[#This Row],[Servizio]]) -> APP INDABOX ANDROID - 11.2.5.8.1 Dimensione dell'obiettivo (minimo) - S004 Spedisci (IndaBox Spedizione Pacchi) | Z684: =_xlfn.CONCAT(Tabella4[[#This Row],[Titolo Defect]]," ",Tabella4[[#This Row],[ID defectXsilk]],CHAR(10),Tabella4[[#This Row],[Servizio]],CHAR(10),_xlfn.CONCAT("Requisito: WCAG ",Tabella4[[#This Row],[Criterio]],CHAR(10),"Disabilità afflitte: ",Tabella4[[#This Row],[Disabilities]],CHAR(10),"Impatto Utente: ",Tabella4[[#This Row],[User Impact]],CHAR(10),CHAR(10),"Descrizione: ",Tabella4[[#This Row],[Titolo]]," - ",Tabella4[[#This Row],[Descrizione]],CHAR(10),CHAR(10),"Esempio di violazione individuata sull'oggetto: ",CHAR(10)," - ",Tabella4[[#This Row],[Detail]]," con selettore: ",CHAR(10),Tabella4[[#This Row],[Rejected Element]],CHAR(10),CHAR(10),"Dettaglio + screenshot (accedere con le seguenti credenziali: user, axeposte@gmail.com; password, Poste2024!): ",Tabella4[[#This Row],[Share URL]],CHAR(10)),CHAR(10),"Possibile metodologia risolutiva:"&CHAR(10),Tabella4[[#This Row],[Soluzione note aggiuntive]],CHAR(10),CHAR(10),"File di log (occorrenze rilevate: "&COUNTIF(Tabella4[ID Silk],Tabella4[[#This Row],[ID Silk]])&"): https://posteitaliane.sharepoint.com/:x:/r/teams/ACCESSIBILITRISULTATIVERIFICHETECNICHE/Shared%20Documents/TGPOSTE_APP/TGPOSTE_APP/LOG/Log.xlsx?d=w630300a71bd74143a1658fe5ab688bc4&csf=1&web=1&e=Y9XHGL",CHAR(10),CHAR(10),"Link al dettaglio requisito WCAG: ",_xlfn.XLOOKUP(Tabella4[[#This Row],[UNI CEI EN 301549]],'Dati input'!F:F,'Dati input'!H:H,"",0)) -> APP INDABOX ANDROID - 11.2.5.8.1 Dimensione dell'obiettivo (minimo) - S004 Spedisci (IndaBox Spedizione Pacchi) (#AAD683) S004 Spedisci (IndaBox Spedizione Pacchi) Requisito: WCAG 2.5.8 Disabilità afflitte: Blind;Low Vision;Mobility Impatto Utente: 2 - Serious Descrizione: Touch target - Esempio di violazione individuata sull'oggetto: - https://drive.google.com/file/d/1djppeH8re_JWS3xCFkC5VFxVcgJmbPTZ/view?usp=drive_link con selettore: [822,225][918,271] Dettaglio + screenshot (accedere con le seguenti credenziali: user, axeposte@gmail.com; password, Poste2024!): Possibile metodologia risolutiva: Aumenta le dimensioni minime degli elementi cliccabili o aggiungi padding/click area extra invisibile per raggiungere la dimensione minima. File di log (occorrenze rilevate: 70): https://posteitaliane.sharepoint.com/:x:/r/teams/ACCESSIBILITRISULTATIVERIFICHETECNICHE/Shared%20Documents/TGPOSTE_APP/TGPOSTE_APP/LOG/Log.xlsx?d=w630300a71bd74143a1658fe5ab688bc4&csf=1&web=1&e=Y9XHGL Link al dettaglio requisito WCAG: | AE684: =_xlfn.XLOOKUP(Tabella4[[#This Row],[ID Silk]],outTable[ID Silk],outTable[Numero ticket ],,0,1) -> #N/A | AH684: =Tabella4[[#This Row],[Caricato su Silk]]&Tabella4[[#This Row],[HC_01]] -> #N/A | AI684: =Tabella4[[#This Row],[HC_ID]]&": "&Tabella4[[#This Row],[Descrizione]] -> #N/A | AJ684: =Tabella4[[#This Row],[HC_ID]]&": - "&Tabella4[[#This Row],[Detail]]&" con selettore: "&Tabella4[[#This Row],[Rejected Element]] -> #N/A | AK684: =Tabella4[[#This Row],[HC_ID]]&": "&Tabella4[[#This Row],[Share URL]] -> #N/A | AL684: =Tabella4[[#This Row],[HC_ID]]&": "&Tabella4[[#This Row],[Soluzione note aggiuntive]] -> #N/A
A685: =Tabella4[[#This Row],[UNI CEI EN 301549]]&Tabella4[[#This Row],[Servizio]] -> 11.1.3.4.1S002 Registrazione | B685: =Tabella4[[#This Row],[IssueID]]&Tabella4[[#This Row],[Servizio]] -> S002 Registrazione | C685: AAD684 | D685: ="(#"&Tabella4[[#This Row],['#ID]]&")" -> (#AAD684) | E685: Android | F685: AA | G685: 1.3.4 | H685: 11.1.3.4.1 | I685: 2 - Serious | J685: Cognitive;Low Vision;Mobility | K685: ScreenOrientation | L685: Le visualizzazioni devono essere conformi all'orientamento di visualizzazione preferito dall'utente. [Per saperne di più] (https://docs.deque.com/devtools-mobile/2024.2.14/en/android-screen-orientation) | M685: No ID Available | O685: Home password dimenticata.txt | P685: #1 | Q685: Axe DevTools Mobile | S685: https://docs.deque.com/devtools-mobile/2024.2.14/en/android-screen-orientation#how-to-fix | T685: Rimuovi android:screenOrientation="portrait" per supportare sia landscape che portrait, salvo che non sia un requisito. | U685: =COUNTIFS(Tabella4[Rejected Element],Tabella4[[#This Row],[Rejected Element]]) -> 1254 | V685: S002 Registrazione | W685: https://axe-mobile.deque.com/scan?userId=747da6b3-5f03-493b-bc9b-3a10276b7d6b&packageName=com.android.chrome&resultId=01987498-918f-7639-bf08-09d26a0751d4 | X685: =Tabella4[[#This Row],[User Impact]] -> 2 - Serious | Y685: =_xlfn.CONCAT("APP INDABOX ANDROID - ",Tabella4[[#This Row],[UNI CEI EN 301549]]," ",_xlfn.XLOOKUP(Tabella4[[#This Row],[Criterio]],Tabella5[ID],Tabella5[Criterio di successo],"")," - ",Tabella4[[#This Row],[Servizio]]) -> APP INDABOX ANDROID - 11.1.3.4.1 Orientamento - S002 Registrazione | Z685: =_xlfn.CONCAT(Tabella4[[#This Row],[Titolo Defect]]," ",Tabella4[[#This Row],[ID defectXsilk]],CHAR(10),Tabella4[[#This Row],[Servizio]],CHAR(10),_xlfn.CONCAT("Requisito: WCAG ",Tabella4[[#This Row],[Criterio]],CHAR(10),"Disabilità afflitte: ",Tabella4[[#This Row],[Disabilities]],CHAR(10),"Impatto Utente: ",Tabella4[[#This Row],[User Impact]],CHAR(10),CHAR(10),"Descrizione: ",Tabella4[[#This Row],[Titolo]]," - ",Tabella4[[#This Row],[Descrizione]],CHAR(10),CHAR(10),"Esempio di violazione individuata sull'oggetto: ",CHAR(10)," - ",Tabella4[[#This Row],[Detail]]," con selettore: ",CHAR(10),Tabella4[[#This Row],[Rejected Element]],CHAR(10),CHAR(10),"Dettaglio + screenshot (accedere con le seguenti credenziali: user, axeposte@gmail.com; password, Poste2024!): ",Tabella4[[#This Row],[Share URL]],CHAR(10)),CHAR(10),"Possibile metodologia risolutiva:"&CHAR(10),Tabella4[[#This Row],[Soluzione note aggiuntive]],CHAR(10),CHAR(10),"File di log (occorrenze rilevate: "&COUNTIF(Tabella4[ID Silk],Tabella4[[#This Row],[ID Silk]])&"): https://posteitaliane.sharepoint.com/:x:/r/teams/ACCESSIBILITRISULTATIVERIFICHETECNICHE/Shared%20Documents/TGPOSTE_APP/TGPOSTE_APP/LOG/Log.xlsx?d=w630300a71bd74143a1658fe5ab688bc4&csf=1&web=1&e=Y9XHGL",CHAR(10),CHAR(10),"Link al dettaglio requisito WCAG: ",_xlfn.XLOOKUP(Tabella4[[#This Row],[UNI CEI EN 301549]],'Dati input'!F:F,'Dati input'!H:H,"",0)) -> APP INDABOX ANDROID - 11.1.3.4.1 Orientamento - S002 Registrazione (#AAD684) S002 Registrazione Requisito: WCAG 1.3.4 Disabilità afflitte: Cognitive;Low Vision;Mobility Impatto Utente: 2 - Serious Descrizione: ScreenOrientation - Le visualizzazioni devono essere conformi all'orientamento di visualizzazione preferito dall'utente. [Per saperne di più] (https://docs.deque.com/devtools-mobile/2024.2.14/en/android-screen-orientation) Esempio di violazione individuata sull'oggetto: - con selettore: No ID Available Dettaglio + screenshot (accedere con le seguenti credenziali: user, axeposte@gmail.com; password, Poste2024!): https://axe-mobile.deque.com/scan?userId=747da6b3-5f03-493b-bc9b-3a10276b7d6b&packageName=com.android.chrome&resultId=01987498-918f-7639-bf08-09d26a0751d4 Possibile metodologia risolutiva: Rimuovi android:screenOrientation="portrait" per supportare sia landscape che portrait, salvo che non sia un requisito. File di log (occorrenze rilevate: 2): https://posteitaliane.sharepoint.com/:x:/r/teams/ACCESSIBILITRISULTATIVERIFICHETECNICHE/Shared%20Documents/TGPOSTE_APP/TGPOSTE_APP/LOG/Log.xlsx?d=w630300a71bd74143a1658fe5ab688bc4&csf=1&web=1&e=Y9XHGL Link al dettaglio requisito WCAG: | AE685: =_xlfn.XLOOKUP(Tabella4[[#This Row],[ID Silk]],outTable[ID Silk],outTable[Numero ticket ],,0,1) -> 0 | AH685: =Tabella4[[#This Row],[Caricato su Silk]]&Tabella4[[#This Row],[HC_01]] -> 0 | AI685: =Tabella4[[#This Row],[HC_ID]]&": "&Tabella4[[#This Row],[Descrizione]] -> 0: Le visualizzazioni devono essere conformi all'orientamento di visualizzazione preferito dall'utente. [Per saperne di più] (https://docs.deque.com/devtools-mobile/2024.2.14/en/android-screen-orientation) | AJ685: =Tabella4[[#This Row],[HC_ID]]&": - "&Tabella4[[#This Row],[Detail]]&" con selettore: "&Tabella4[[#This Row],[Rejected Element]] -> 0: - con selettore: No ID Available | AK685: =Tabella4[[#This Row],[HC_ID]]&": "&Tabella4[[#This Row],[Share URL]] -> 0: https://axe-mobile.deque.com/scan?userId=747da6b3-5f03-493b-bc9b-3a10276b7d6b&packageName=com.android.chrome&resultId=01987498-918f-7639-bf08-09d26a0751d4 | AL685: =Tabella4[[#This Row],[HC_ID]]&": "&Tabella4[[#This Row],[Soluzione note aggiuntive]] -> 0: Rimuovi android:screenOrientation="portrait" per supportare sia landscape che portrait, salvo che non sia un requisito.
A686: =Tabella4[[#This Row],[UNI CEI EN 301549]]&Tabella4[[#This Row],[Servizio]] -> 11.2.5.3.1S002 Registrazione | B686: =Tabella4[[#This Row],[IssueID]]&Tabella4[[#This Row],[Servizio]] -> S002 Registrazione | C686: AAD685 | D686: ="(#"&Tabella4[[#This Row],['#ID]]&")" -> (#AAD685) | E686: Android | F686: A | G686: 2.5.3 | H686: 11.2.5.3.1 | I686: 2 - Serious | J686: Blind;Deafblind;Mobility | K686: LabelInName | L686: Una vista focalizzabile accessibile deve garantire che il nome sia incluso nell'etichetta visibile. [Per saperne di più] (https://docs.deque.com/devtools-mobile/2024.2.14/en/android-label-in-name) | M686: No ID Available | O686: Home password dimenticata.txt | P686: #1 | Q686: Axe DevTools Mobile | S686: https://docs.deque.com/devtools-mobile/2024.2.14/en/android-label-in-name#how-to-fix | T686: Assicurati che contentDescription o labelFor contengano l’etichetta visibile dell’elemento. | U686: =COUNTIFS(Tabella4[Rejected Element],Tabella4[[#This Row],[Rejected Element]]) -> 1254 | V686: S002 Registrazione | W686: https://axe-mobile.deque.com/scan?userId=747da6b3-5f03-493b-bc9b-3a10276b7d6b&packageName=com.android.chrome&resultId=01987498-918f-7639-bf08-09d26a0751d4 | X686: =Tabella4[[#This Row],[User Impact]] -> 2 - Serious | Y686: =_xlfn.CONCAT("APP INDABOX ANDROID - ",Tabella4[[#This Row],[UNI CEI EN 301549]]," ",_xlfn.XLOOKUP(Tabella4[[#This Row],[Criterio]],Tabella5[ID],Tabella5[Criterio di successo],"")," - ",Tabella4[[#This Row],[Servizio]]) -> APP INDABOX ANDROID - 11.2.5.3.1 Etichetta nel nome - S002 Registrazione | Z686: =_xlfn.CONCAT(Tabella4[[#This Row],[Titolo Defect]]," ",Tabella4[[#This Row],[ID defectXsilk]],CHAR(10),Tabella4[[#This Row],[Servizio]],CHAR(10),_xlfn.CONCAT("Requisito: WCAG ",Tabella4[[#This Row],[Criterio]],CHAR(10),"Disabilità afflitte: ",Tabella4[[#This Row],[Disabilities]],CHAR(10),"Impatto Utente: ",Tabella4[[#This Row],[User Impact]],CHAR(10),CHAR(10),"Descrizione: ",Tabella4[[#This Row],[Titolo]]," - ",Tabella4[[#This Row],[Descrizione]],CHAR(10),CHAR(10),"Esempio di violazione individuata sull'oggetto: ",CHAR(10)," - ",Tabella4[[#This Row],[Detail]]," con selettore: ",CHAR(10),Tabella4[[#This Row],[Rejected Element]],CHAR(10),CHAR(10),"Dettaglio + screenshot (accedere con le seguenti credenziali: user, axeposte@gmail.com; password, Poste2024!): ",Tabella4[[#This Row],[Share URL]],CHAR(10)),CHAR(10),"Possibile metodologia risolutiva:"&CHAR(10),Tabella4[[#This Row],[Soluzione note aggiuntive]],CHAR(10),CHAR(10),"File di log (occorrenze rilevate: "&COUNTIF(Tabella4[ID Silk],Tabella4[[#This Row],[ID Silk]])&"): https://posteitaliane.sharepoint.com/:x:/r/teams/ACCESSIBILITRISULTATIVERIFICHETECNICHE/Shared%20Documents/TGPOSTE_APP/TGPOSTE_APP/LOG/Log.xlsx?d=w630300a71bd74143a1658fe5ab688bc4&csf=1&web=1&e=Y9XHGL",CHAR(10),CHAR(10),"Link al dettaglio requisito WCAG: ",_xlfn.XLOOKUP(Tabella4[[#This Row],[UNI CEI EN 301549]],'Dati input'!F:F,'Dati input'!H:H,"",0)) -> APP INDABOX ANDROID - 11.2.5.3.1 Etichetta nel nome - S002 Registrazione (#AAD685) S002 Registrazione Requisito: WCAG 2.5.3 Disabilità afflitte: Blind;Deafblind;Mobility Impatto Utente: 2 - Serious Descrizione: LabelInName - Una vista focalizzabile accessibile deve garantire che il nome sia incluso nell'etichetta visibile. [Per saperne di più] (https://docs.deque.com/devtools-mobile/2024.2.14/en/android-label-in-name) Esempio di violazione individuata sull'oggetto: - con selettore: No ID Available Dettaglio + screenshot (accedere con le seguenti credenziali: user, axeposte@gmail.com; password, Poste2024!): https://axe-mobile.deque.com/scan?userId=747da6b3-5f03-493b-bc9b-3a10276b7d6b&packageName=com.android.chrome&resultId=01987498-918f-7639-bf08-09d26a0751d4 Possibile metodologia risolutiva: Assicurati che contentDescription o labelFor contengano l’etichetta visibile dell’elemento. File di log (occorrenze rilevate: 20): https://posteitaliane.sharepoint.com/:x:/r/teams/ACCESSIBILITRISULTATIVERIFICHETECNICHE/Shared%20Documents/TGPOSTE_APP/TGPOSTE_APP/LOG/Log.xlsx?d=w630300a71bd74143a1658fe5ab688bc4&csf=1&web=1&e=Y9XHGL Link al dettaglio requisito WCAG: | AE686: =_xlfn.XLOOKUP(Tabella4[[#This Row],[ID Silk]],outTable[ID Silk],outTable[Numero ticket ],,0,1) -> #N/A | AH686: =Tabella4[[#This Row],[Caricato su Silk]]&Tabella4[[#This Row],[HC_01]] -> #N/A | AI686: =Tabella4[[#This Row],[HC_ID]]&": "&Tabella4[[#This Row],[Descrizione]] -> #N/A | AJ686: =Tabella4[[#This Row],[HC_ID]]&": - "&Tabella4[[#This Row],[Detail]]&" con selettore: "&Tabella4[[#This Row],[Rejected Element]] -> #N/A | AK686: =Tabella4[[#This Row],[HC_ID]]&": "&Tabella4[[#This Row],[Share URL]] -> #N/A | AL686: =Tabella4[[#This Row],[HC_ID]]&": "&Tabella4[[#This Row],[Soluzione note aggiuntive]] -> #N/A
A687: =Tabella4[[#This Row],[UNI CEI EN 301549]]&Tabella4[[#This Row],[Servizio]] -> 11.2.5.3.1S002 Registrazione | B687: =Tabella4[[#This Row],[IssueID]]&Tabella4[[#This Row],[Servizio]] -> S002 Registrazione | C687: AAD686 | D687: ="(#"&Tabella4[[#This Row],['#ID]]&")" -> (#AAD686) | E687: Android | F687: A | G687: 2.5.3 | H687: 11.2.5.3.1 | I687: 2 - Serious | J687: Blind;Deafblind;Mobility | K687: LabelInName | L687: Una vista focalizzabile accessibile deve garantire che il nome sia incluso nell'etichetta visibile. [Per saperne di più] (https://docs.deque.com/devtools-mobile/2024.2.14/en/android-label-in-name) | M687: logo | O687: Home password dimenticata.txt | P687: #1 | Q687: Axe DevTools Mobile | S687: https://docs.deque.com/devtools-mobile/2024.2.14/en/android-label-in-name#how-to-fix | T687: Assicurati che contentDescription o labelFor contengano l’etichetta visibile dell’elemento. | U687: =COUNTIFS(Tabella4[Rejected Element],Tabella4[[#This Row],[Rejected Element]]) -> 42 | V687: S002 Registrazione | W687: https://axe-mobile.deque.com/scan?userId=747da6b3-5f03-493b-bc9b-3a10276b7d6b&packageName=com.android.chrome&resultId=01987498-918f-7639-bf08-09d26a0751d4 | X687: =Tabella4[[#This Row],[User Impact]] -> 2 - Serious | Y687: =_xlfn.CONCAT("APP INDABOX ANDROID - ",Tabella4[[#This Row],[UNI CEI EN 301549]]," ",_xlfn.XLOOKUP(Tabella4[[#This Row],[Criterio]],Tabella5[ID],Tabella5[Criterio di successo],"")," - ",Tabella4[[#This Row],[Servizio]]) -> APP INDABOX ANDROID - 11.2.5.3.1 Etichetta nel nome - S002 Registrazione | Z687: =_xlfn.CONCAT(Tabella4[[#This Row],[Titolo Defect]]," ",Tabella4[[#This Row],[ID defectXsilk]],CHAR(10),Tabella4[[#This Row],[Servizio]],CHAR(10),_xlfn.CONCAT("Requisito: WCAG ",Tabella4[[#This Row],[Criterio]],CHAR(10),"Disabilità afflitte: ",Tabella4[[#This Row],[Disabilities]],CHAR(10),"Impatto Utente: ",Tabella4[[#This Row],[User Impact]],CHAR(10),CHAR(10),"Descrizione: ",Tabella4[[#This Row],[Titolo]]," - ",Tabella4[[#This Row],[Descrizione]],CHAR(10),CHAR(10),"Esempio di violazione individuata sull'oggetto: ",CHAR(10)," - ",Tabella4[[#This Row],[Detail]]," con selettore: ",CHAR(10),Tabella4[[#This Row],[Rejected Element]],CHAR(10),CHAR(10),"Dettaglio + screenshot (accedere con le seguenti credenziali: user, axeposte@gmail.com; password, Poste2024!): ",Tabella4[[#This Row],[Share URL]],CHAR(10)),CHAR(10),"Possibile metodologia risolutiva:"&CHAR(10),Tabella4[[#This Row],[Soluzione note aggiuntive]],CHAR(10),CHAR(10),"File di log (occorrenze rilevate: "&COUNTIF(Tabella4[ID Silk],Tabella4[[#This Row],[ID Silk]])&"): https://posteitaliane.sharepoint.com/:x:/r/teams/ACCESSIBILITRISULTATIVERIFICHETECNICHE/Shared%20Documents/TGPOSTE_APP/TGPOSTE_APP/LOG/Log.xlsx?d=w630300a71bd74143a1658fe5ab688bc4&csf=1&web=1&e=Y9XHGL",CHAR(10),CHAR(10),"Link al dettaglio requisito WCAG: ",_xlfn.XLOOKUP(Tabella4[[#This Row],[UNI CEI EN 301549]],'Dati input'!F:F,'Dati input'!H:H,"",0)) -> APP INDABOX ANDROID - 11.2.5.3.1 Etichetta nel nome - S002 Registrazione (#AAD686) S002 Registrazione Requisito: WCAG 2.5.3 Disabilità afflitte: Blind;Deafblind;Mobility Impatto Utente: 2 - Serious Descrizione: LabelInName - Una vista focalizzabile accessibile deve garantire che il nome sia incluso nell'etichetta visibile. [Per saperne di più] (https://docs.deque.com/devtools-mobile/2024.2.14/en/android-label-in-name) Esempio di violazione individuata sull'oggetto: - con selettore: logo Dettaglio + screenshot (accedere con le seguenti credenziali: user, axeposte@gmail.com; password, Poste2024!): https://axe-mobile.deque.com/scan?userId=747da6b3-5f03-493b-bc9b-3a10276b7d6b&packageName=com.android.chrome&resultId=01987498-918f-7639-bf08-09d26a0751d4 Possibile metodologia risolutiva: Assicurati che contentDescription o labelFor contengano l’etichetta visibile dell’elemento. File di log (occorrenze rilevate: 20): https://posteitaliane.sharepoint.com/:x:/r/teams/ACCESSIBILITRISULTATIVERIFICHETECNICHE/Shared%20Documents/TGPOSTE_APP/TGPOSTE_APP/LOG/Log.xlsx?d=w630300a71bd74143a1658fe5ab688bc4&csf=1&web=1&e=Y9XHGL Link al dettaglio requisito WCAG: | AE687: =_xlfn.XLOOKUP(Tabella4[[#This Row],[ID Silk]],outTable[ID Silk],outTable[Numero ticket ],,0,1) -> #N/A | AH687: =Tabella4[[#This Row],[Caricato su Silk]]&Tabella4[[#This Row],[HC_01]] -> #N/A | AI687: =Tabella4[[#This Row],[HC_ID]]&": "&Tabella4[[#This Row],[Descrizione]] -> #N/A | AJ687: =Tabella4[[#This Row],[HC_ID]]&": - "&Tabella4[[#This Row],[Detail]]&" con selettore: "&Tabella4[[#This Row],[Rejected Element]] -> #N/A | AK687: =Tabella4[[#This Row],[HC_ID]]&": "&Tabella4[[#This Row],[Share URL]] -> #N/A | AL687: =Tabella4[[#This Row],[HC_ID]]&": "&Tabella4[[#This Row],[Soluzione note aggiuntive]] -> #N/A
A688: =Tabella4[[#This Row],[UNI CEI EN 301549]]&Tabella4[[#This Row],[Servizio]] -> 11.2.5.3.1S002 Registrazione | B688: =Tabella4[[#This Row],[IssueID]]&Tabella4[[#This Row],[Servizio]] -> S002 Registrazione | C688: AAD687 | D688: ="(#"&Tabella4[[#This Row],['#ID]]&")" -> (#AAD687) | E688: Android | F688: A | G688: 2.5.3 | H688: 11.2.5.3.1 | I688: 2 - Serious | J688: Blind;Deafblind;Mobility | K688: LabelInName | L688: Una vista focalizzabile accessibile deve garantire che il nome sia incluso nell'etichetta visibile. [Per saperne di più] (https://docs.deque.com/devtools-mobile/2024.2.14/en/android-label-in-name) | M688: No ID Available | O688: Home password dimenticata.txt | P688: #1 | Q688: Axe DevTools Mobile | S688: https://docs.deque.com/devtools-mobile/2024.2.14/en/android-label-in-name#how-to-fix | T688: Assicurati che contentDescription o labelFor contengano l’etichetta visibile dell’elemento. | U688: =COUNTIFS(Tabella4[Rejected Element],Tabella4[[#This Row],[Rejected Element]]) -> 1254 | V688: S002 Registrazione | W688: https://axe-mobile.deque.com/scan?userId=747da6b3-5f03-493b-bc9b-3a10276b7d6b&packageName=com.android.chrome&resultId=01987498-918f-7639-bf08-09d26a0751d4 | X688: =Tabella4[[#This Row],[User Impact]] -> 2 - Serious | Y688: =_xlfn.CONCAT("APP INDABOX ANDROID - ",Tabella4[[#This Row],[UNI CEI EN 301549]]," ",_xlfn.XLOOKUP(Tabella4[[#This Row],[Criterio]],Tabella5[ID],Tabella5[Criterio di successo],"")," - ",Tabella4[[#This Row],[Servizio]]) -> APP INDABOX ANDROID - 11.2.5.3.1 Etichetta nel nome - S002 Registrazione | Z688: =_xlfn.CONCAT(Tabella4[[#This Row],[Titolo Defect]]," ",Tabella4[[#This Row],[ID defectXsilk]],CHAR(10),Tabella4[[#This Row],[Servizio]],CHAR(10),_xlfn.CONCAT("Requisito: WCAG ",Tabella4[[#This Row],[Criterio]],CHAR(10),"Disabilità afflitte: ",Tabella4[[#This Row],[Disabilities]],CHAR(10),"Impatto Utente: ",Tabella4[[#This Row],[User Impact]],CHAR(10),CHAR(10),"Descrizione: ",Tabella4[[#This Row],[Titolo]]," - ",Tabella4[[#This Row],[Descrizione]],CHAR(10),CHAR(10),"Esempio di violazione individuata sull'oggetto: ",CHAR(10)," - ",Tabella4[[#This Row],[Detail]]," con selettore: ",CHAR(10),Tabella4[[#This Row],[Rejected Element]],CHAR(10),CHAR(10),"Dettaglio + screenshot (accedere con le seguenti credenziali: user, axeposte@gmail.com; password, Poste2024!): ",Tabella4[[#This Row],[Share URL]],CHAR(10)),CHAR(10),"Possibile metodologia risolutiva:"&CHAR(10),Tabella4[[#This Row],[Soluzione note aggiuntive]],CHAR(10),CHAR(10),"File di log (occorrenze rilevate: "&COUNTIF(Tabella4[ID Silk],Tabella4[[#This Row],[ID Silk]])&"): https://posteitaliane.sharepoint.com/:x:/r/teams/ACCESSIBILITRISULTATIVERIFICHETECNICHE/Shared%20Documents/TGPOSTE_APP/TGPOSTE_APP/LOG/Log.xlsx?d=w630300a71bd74143a1658fe5ab688bc4&csf=1&web=1&e=Y9XHGL",CHAR(10),CHAR(10),"Link al dettaglio requisito WCAG: ",_xlfn.XLOOKUP(Tabella4[[#This Row],[UNI CEI EN 301549]],'Dati input'!F:F,'Dati input'!H:H,"",0)) -> APP INDABOX ANDROID - 11.2.5.3.1 Etichetta nel nome - S002 Registrazione (#AAD687) S002 Registrazione Requisito: WCAG 2.5.3 Disabilità afflitte: Blind;Deafblind;Mobility Impatto Utente: 2 - Serious Descrizione: LabelInName - Una vista focalizzabile accessibile deve garantire che il nome sia incluso nell'etichetta visibile. [Per saperne di più] (https://docs.deque.com/devtools-mobile/2024.2.14/en/android-label-in-name) Esempio di violazione individuata sull'oggetto: - con selettore: No ID Available Dettaglio + screenshot (accedere con le seguenti credenziali: user, axeposte@gmail.com; password, Poste2024!): https://axe-mobile.deque.com/scan?userId=747da6b3-5f03-493b-bc9b-3a10276b7d6b&packageName=com.android.chrome&resultId=01987498-918f-7639-bf08-09d26a0751d4 Possibile metodologia risolutiva: Assicurati che contentDescription o labelFor contengano l’etichetta visibile dell’elemento. File di log (occorrenze rilevate: 20): https://posteitaliane.sharepoint.com/:x:/r/teams/ACCESSIBILITRISULTATIVERIFICHETECNICHE/Shared%20Documents/TGPOSTE_APP/TGPOSTE_APP/LOG/Log.xlsx?d=w630300a71bd74143a1658fe5ab688bc4&csf=1&web=1&e=Y9XHGL Link al dettaglio requisito WCAG: | AE688: =_xlfn.XLOOKUP(Tabella4[[#This Row],[ID Silk]],outTable[ID Silk],outTable[Numero ticket ],,0,1) -> #N/A | AH688: =Tabella4[[#This Row],[Caricato su Silk]]&Tabella4[[#This Row],[HC_01]] -> #N/A | AI688: =Tabella4[[#This Row],[HC_ID]]&": "&Tabella4[[#This Row],[Descrizione]] -> #N/A | AJ688: =Tabella4[[#This Row],[HC_ID]]&": - "&Tabella4[[#This Row],[Detail]]&" con selettore: "&Tabella4[[#This Row],[Rejected Element]] -> #N/A | AK688: =Tabella4[[#This Row],[HC_ID]]&": "&Tabella4[[#This Row],[Share URL]] -> #N/A | AL688: =Tabella4[[#This Row],[HC_ID]]&": "&Tabella4[[#This Row],[Soluzione note aggiuntive]] -> #N/A
A689: =Tabella4[[#This Row],[UNI CEI EN 301549]]&Tabella4[[#This Row],[Servizio]] -> 11.2.5.5.1S002 Registrazione | B689: =Tabella4[[#This Row],[IssueID]]&Tabella4[[#This Row],[Servizio]] -> S002 Registrazione | C689: AAD688 | D689: ="(#"&Tabella4[[#This Row],['#ID]]&")" -> (#AAD688) | E689: Android | F689: AAA | G689: 2.5.5 | H689: 11.2.5.5.1 | I689: 3 - Moderate | J689: Blind;Low Vision;Mobility | K689: TouchSizeWcag | L689: Tutti i controlli attivi devono avere un'area visiva e toccabile di almeno 44 dp per 44 dp. [Per saperne di più] (https://docs.deque.com/devtools-mobile/2024.2.14/en/android-touch-target-size) | M689: No ID Available | O689: Home password dimenticata.txt | P689: #1 | Q689: Axe DevTools Mobile | S689: https://docs.deque.com/devtools-mobile/2024.2.14/en/android-touch-target-size#how-to-fix | T689: Estendi il padding o usa un contenitore cliccabile più grande per rispettare la dimensione minima. | U689: =COUNTIFS(Tabella4[Rejected Element],Tabella4[[#This Row],[Rejected Element]]) -> 1254 | V689: S002 Registrazione | W689: https://axe-mobile.deque.com/scan?userId=747da6b3-5f03-493b-bc9b-3a10276b7d6b&packageName=com.android.chrome&resultId=01987498-918f-7639-bf08-09d26a0751d4 | X689: =Tabella4[[#This Row],[User Impact]] -> 3 - Moderate | Y689: =_xlfn.CONCAT("APP INDABOX ANDROID - ",Tabella4[[#This Row],[UNI CEI EN 301549]]," ",_xlfn.XLOOKUP(Tabella4[[#This Row],[Criterio]],Tabella5[ID],Tabella5[Criterio di successo],"")," - ",Tabella4[[#This Row],[Servizio]]) -> APP INDABOX ANDROID - 11.2.5.5.1 Dimensione dell'obiettivo (avanzato) - S002 Registrazione | Z689: =_xlfn.CONCAT(Tabella4[[#This Row],[Titolo Defect]]," ",Tabella4[[#This Row],[ID defectXsilk]],CHAR(10),Tabella4[[#This Row],[Servizio]],CHAR(10),_xlfn.CONCAT("Requisito: WCAG ",Tabella4[[#This Row],[Criterio]],CHAR(10),"Disabilità afflitte: ",Tabella4[[#This Row],[Disabilities]],CHAR(10),"Impatto Utente: ",Tabella4[[#This Row],[User Impact]],CHAR(10),CHAR(10),"Descrizione: ",Tabella4[[#This Row],[Titolo]]," - ",Tabella4[[#This Row],[Descrizione]],CHAR(10),CHAR(10),"Esempio di violazione individuata sull'oggetto: ",CHAR(10)," - ",Tabella4[[#This Row],[Detail]]," con selettore: ",CHAR(10),Tabella4[[#This Row],[Rejected Element]],CHAR(10),CHAR(10),"Dettaglio + screenshot (accedere con le seguenti credenziali: user, axeposte@gmail.com; password, Poste2024!): ",Tabella4[[#This Row],[Share URL]],CHAR(10)),CHAR(10),"Possibile metodologia risolutiva:"&CHAR(10),Tabella4[[#This Row],[Soluzione note aggiuntive]],CHAR(10),CHAR(10),"File di log (occorrenze rilevate: "&COUNTIF(Tabella4[ID Silk],Tabella4[[#This Row],[ID Silk]])&"): https://posteitaliane.sharepoint.com/:x:/r/teams/ACCESSIBILITRISULTATIVERIFICHETECNICHE/Shared%20Documents/TGPOSTE_APP/TGPOSTE_APP/LOG/Log.xlsx?d=w630300a71bd74143a1658fe5ab688bc4&csf=1&web=1&e=Y9XHGL",CHAR(10),CHAR(10),"Link al dettaglio requisito WCAG: ",_xlfn.XLOOKUP(Tabella4[[#This Row],[UNI CEI EN 301549]],'Dati input'!F:F,'Dati input'!H:H,"",0)) -> APP INDABOX ANDROID - 11.2.5.5.1 Dimensione dell'obiettivo (avanzato) - S002 Registrazione (#AAD688) S002 Registrazione Requisito: WCAG 2.5.5 Disabilità afflitte: Blind;Low Vision;Mobility Impatto Utente: 3 - Moderate Descrizione: TouchSizeWcag - Tutti i controlli attivi devono avere un'area visiva e toccabile di almeno 44 dp per 44 dp. [Per saperne di più] (https://docs.deque.com/devtools-mobile/2024.2.14/en/android-touch-target-size) Esempio di violazione individuata sull'oggetto: - con selettore: No ID Available Dettaglio + screenshot (accedere con le seguenti credenziali: user, axeposte@gmail.com; password, Poste2024!): https://axe-mobile.deque.com/scan?userId=747da6b3-5f03-493b-bc9b-3a10276b7d6b&packageName=com.android.chrome&resultId=01987498-918f-7639-bf08-09d26a0751d4 Possibile metodologia risolutiva: Estendi il padding o usa un contenitore cliccabile più grande per rispettare la dimensione minima. File di log (occorrenze rilevate: 17): https://posteitaliane.sharepoint.com/:x:/r/teams/ACCESSIBILITRISULTATIVERIFICHETECNICHE/Shared%20Documents/TGPOSTE_APP/TGPOSTE_APP/LOG/Log.xlsx?d=w630300a71bd74143a1658fe5ab688bc4&csf=1&web=1&e=Y9XHGL Link al dettaglio requisito WCAG: | AE689: =_xlfn.XLOOKUP(Tabella4[[#This Row],[ID Silk]],outTable[ID Silk],outTable[Numero ticket ],,0,1) -> #N/A | AH689: =Tabella4[[#This Row],[Caricato su Silk]]&Tabella4[[#This Row],[HC_01]] -> #N/A | AI689: =Tabella4[[#This Row],[HC_ID]]&": "&Tabella4[[#This Row],[Descrizione]] -> #N/A | AJ689: =Tabella4[[#This Row],[HC_ID]]&": - "&Tabella4[[#This Row],[Detail]]&" con selettore: "&Tabella4[[#This Row],[Rejected Element]] -> #N/A | AK689: =Tabella4[[#This Row],[HC_ID]]&": "&Tabella4[[#This Row],[Share URL]] -> #N/A | AL689: =Tabella4[[#This Row],[HC_ID]]&": "&Tabella4[[#This Row],[Soluzione note aggiuntive]] -> #N/A
A690: =Tabella4[[#This Row],[UNI CEI EN 301549]]&Tabella4[[#This Row],[Servizio]] -> 11.2.5.8.1S002 Registrazione | B690: =Tabella4[[#This Row],[IssueID]]&Tabella4[[#This Row],[Servizio]] -> S002 Registrazione | C690: AAD689 | D690: ="(#"&Tabella4[[#This Row],['#ID]]&")" -> (#AAD689) | E690: Android | F690: AA | G690: 2.5.8 | H690: 11.2.5.8.1 | I690: 2 - Serious | J690: Blind;Low Vision;Mobility | K690: TouchTargetSpacing | L690: I controlli utilizzabili devono avere una dimensione minima di 24 x 24 dp o devono essere posizionati in modo che se un cerchio con un diametro di 24 dp viene posizionato al centro del controllo, il cerchio non si intersecherà con un'altra destinazione o con il cerchio per un'altra destinazione. [Per saperne di più] (https://docs.deque.com/devtools-mobile/axe/android/rule/TouchTargetSpacing) | M690: No ID Available | O690: Home password dimenticata.txt | P690: #1 | Q690: Axe DevTools Mobile | S690: https://docs.deque.com/devtools-mobile/2024.9.18/en/android-touch-target-spacing#how-to-fix | T690: Aggiungi margini o padding di almeno 8dp tra elementi interattivi adiacenti. | U690: =COUNTIFS(Tabella4[Rejected Element],Tabella4[[#This Row],[Rejected Element]]) -> 1254 | V690: S002 Registrazione | W690: https://axe-mobile.deque.com/scan?userId=747da6b3-5f03-493b-bc9b-3a10276b7d6b&packageName=com.android.chrome&resultId=01987498-918f-7639-bf08-09d26a0751d4 | X690: =Tabella4[[#This Row],[User Impact]] -> 2 - Serious | Y690: =_xlfn.CONCAT("APP INDABOX ANDROID - ",Tabella4[[#This Row],[UNI CEI EN 301549]]," ",_xlfn.XLOOKUP(Tabella4[[#This Row],[Criterio]],Tabella5[ID],Tabella5[Criterio di successo],"")," - ",Tabella4[[#This Row],[Servizio]]) -> APP INDABOX ANDROID - 11.2.5.8.1 Dimensione dell'obiettivo (minimo) - S002 Registrazione | Z690: =_xlfn.CONCAT(Tabella4[[#This Row],[Titolo Defect]]," ",Tabella4[[#This Row],[ID defectXsilk]],CHAR(10),Tabella4[[#This Row],[Servizio]],CHAR(10),_xlfn.CONCAT("Requisito: WCAG ",Tabella4[[#This Row],[Criterio]],CHAR(10),"Disabilità afflitte: ",Tabella4[[#This Row],[Disabilities]],CHAR(10),"Impatto Utente: ",Tabella4[[#This Row],[User Impact]],CHAR(10),CHAR(10),"Descrizione: ",Tabella4[[#This Row],[Titolo]]," - ",Tabella4[[#This Row],[Descrizione]],CHAR(10),CHAR(10),"Esempio di violazione individuata sull'oggetto: ",CHAR(10)," - ",Tabella4[[#This Row],[Detail]]," con selettore: ",CHAR(10),Tabella4[[#This Row],[Rejected Element]],CHAR(10),CHAR(10),"Dettaglio + screenshot (accedere con le seguenti credenziali: user, axeposte@gmail.com; password, Poste2024!): ",Tabella4[[#This Row],[Share URL]],CHAR(10)),CHAR(10),"Possibile metodologia risolutiva:"&CHAR(10),Tabella4[[#This Row],[Soluzione note aggiuntive]],CHAR(10),CHAR(10),"File di log (occorrenze rilevate: "&COUNTIF(Tabella4[ID Silk],Tabella4[[#This Row],[ID Silk]])&"): https://posteitaliane.sharepoint.com/:x:/r/teams/ACCESSIBILITRISULTATIVERIFICHETECNICHE/Shared%20Documents/TGPOSTE_APP/TGPOSTE_APP/LOG/Log.xlsx?d=w630300a71bd74143a1658fe5ab688bc4&csf=1&web=1&e=Y9XHGL",CHAR(10),CHAR(10),"Link al dettaglio requisito WCAG: ",_xlfn.XLOOKUP(Tabella4[[#This Row],[UNI CEI EN 301549]],'Dati input'!F:F,'Dati input'!H:H,"",0)) -> APP INDABOX ANDROID - 11.2.5.8.1 Dimensione dell'obiettivo (minimo) - S002 Registrazione (#AAD689) S002 Registrazione Requisito: WCAG 2.5.8 Disabilità afflitte: Blind;Low Vision;Mobility Impatto Utente: 2 - Serious Descrizione: TouchTargetSpacing - I controlli utilizzabili devono avere una dimensione minima di 24 x 24 dp o devono essere posizionati in modo che se un cerchio con un diametro di 24 dp viene posizionato al centro del controllo, il cerchio non si intersecherà con un'altra destinazione o con il cerchio per un'altra destinazione. [Per saperne di più] (https://docs.deque.com/devtools-mobile/axe/android/rule/TouchTargetSpacing) Esempio di violazione individuata sull'oggetto: - con selettore: No ID Available Dettaglio + screenshot (accedere con le seguenti credenziali: user, axeposte@gmail.com; password, Poste2024!): https://axe-mobile.deque.com/scan?userId=747da6b3-5f03-493b-bc9b-3a10276b7d6b&packageName=com.android.chrome&resultId=01987498-918f-7639-bf08-09d26a0751d4 Possibile metodologia risolutiva: Aggiungi margini o padding di almeno 8dp tra elementi interattivi adiacenti. File di log (occorrenze rilevate: 31): https://posteitaliane.sharepoint.com/:x:/r/teams/ACCESSIBILITRISULTATIVERIFICHETECNICHE/Shared%20Documents/TGPOSTE_APP/TGPOSTE_APP/LOG/Log.xlsx?d=w630300a71bd74143a1658fe5ab688bc4&csf=1&web=1&e=Y9XHGL Link al dettaglio requisito WCAG: | AE690: =_xlfn.XLOOKUP(Tabella4[[#This Row],[ID Silk]],outTable[ID Silk],outTable[Numero ticket ],,0,1) -> #N/A | AH690: =Tabella4[[#This Row],[Caricato su Silk]]&Tabella4[[#This Row],[HC_01]] -> #N/A | AI690: =Tabella4[[#This Row],[HC_ID]]&": "&Tabella4[[#This Row],[Descrizione]] -> #N/A | AJ690: =Tabella4[[#This Row],[HC_ID]]&": - "&Tabella4[[#This Row],[Detail]]&" con selettore: "&Tabella4[[#This Row],[Rejected Element]] -> #N/A | AK690: =Tabella4[[#This Row],[HC_ID]]&": "&Tabella4[[#This Row],[Share URL]] -> #N/A | AL690: =Tabella4[[#This Row],[HC_ID]]&": "&Tabella4[[#This Row],[Soluzione note aggiuntive]] -> #N/A
A691: =Tabella4[[#This Row],[UNI CEI EN 301549]]&Tabella4[[#This Row],[Servizio]] -> 11.1.3.2.1S002 Registrazione | B691: =Tabella4[[#This Row],[IssueID]]&Tabella4[[#This Row],[Servizio]] -> S002 Registrazione | C691: AAD690 | D691: ="(#"&Tabella4[[#This Row],['#ID]]&")" -> (#AAD690) | E691: Android | F691: A | G691: 1.3.2 | H691: 11.1.3.2.1 | I691: 1 - Critical | J691: Blind;Cognitive;Low Vision;Mobility | K691: FocusableText | L691: Le visualizzazioni contenenti testo devono essere attivabili per le tecnologie per l'accesso facilitato, ad esempio TalkBack. [Per saperne di più] (https://docs.deque.com/devtools-mobile/2024.2.14/en/android-focusable-text) | M691: No ID Available | O691: Home password dimenticata.txt | P691: #1 | Q691: Axe DevTools Mobile | S691: https://docs.deque.com/devtools-mobile/2024.2.14/en/android-focusable-text#how-to-fix | T691: Rimuovi android:focusable="true" dal testo statico non interattivo. | U691: =COUNTIFS(Tabella4[Rejected Element],Tabella4[[#This Row],[Rejected Element]]) -> 1254 | V691: S002 Registrazione | W691: https://axe-mobile.deque.com/scan?userId=747da6b3-5f03-493b-bc9b-3a10276b7d6b&packageName=com.android.chrome&resultId=01987498-918f-7639-bf08-09d26a0751d4 | X691: =Tabella4[[#This Row],[User Impact]] -> 1 - Critical | Y691: =_xlfn.CONCAT("APP INDABOX ANDROID - ",Tabella4[[#This Row],[UNI CEI EN 301549]]," ",_xlfn.XLOOKUP(Tabella4[[#This Row],[Criterio]],Tabella5[ID],Tabella5[Criterio di successo],"")," - ",Tabella4[[#This Row],[Servizio]]) -> APP INDABOX ANDROID - 11.1.3.2.1 Sequenza significativa - S002 Registrazione | Z691: =_xlfn.CONCAT(Tabella4[[#This Row],[Titolo Defect]]," ",Tabella4[[#This Row],[ID defectXsilk]],CHAR(10),Tabella4[[#This Row],[Servizio]],CHAR(10),_xlfn.CONCAT("Requisito: WCAG ",Tabella4[[#This Row],[Criterio]],CHAR(10),"Disabilità afflitte: ",Tabella4[[#This Row],[Disabilities]],CHAR(10),"Impatto Utente: ",Tabella4[[#This Row],[User Impact]],CHAR(10),CHAR(10),"Descrizione: ",Tabella4[[#This Row],[Titolo]]," - ",Tabella4[[#This Row],[Descrizione]],CHAR(10),CHAR(10),"Esempio di violazione individuata sull'oggetto: ",CHAR(10)," - ",Tabella4[[#This Row],[Detail]]," con selettore: ",CHAR(10),Tabella4[[#This Row],[Rejected Element]],CHAR(10),CHAR(10),"Dettaglio + screenshot (accedere con le seguenti credenziali: user, axeposte@gmail.com; password, Poste2024!): ",Tabella4[[#This Row],[Share URL]],CHAR(10)),CHAR(10),"Possibile metodologia risolutiva:"&CHAR(10),Tabella4[[#This Row],[Soluzione note aggiuntive]],CHAR(10),CHAR(10),"File di log (occorrenze rilevate: "&COUNTIF(Tabella4[ID Silk],Tabella4[[#This Row],[ID Silk]])&"): https://posteitaliane.sharepoint.com/:x:/r/teams/ACCESSIBILITRISULTATIVERIFICHETECNICHE/Shared%20Documents/TGPOSTE_APP/TGPOSTE_APP/LOG/Log.xlsx?d=w630300a71bd74143a1658fe5ab688bc4&csf=1&web=1&e=Y9XHGL",CHAR(10),CHAR(10),"Link al dettaglio requisito WCAG: ",_xlfn.XLOOKUP(Tabella4[[#This Row],[UNI CEI EN 301549]],'Dati input'!F:F,'Dati input'!H:H,"",0)) -> APP INDABOX ANDROID - 11.1.3.2.1 Sequenza significativa - S002 Registrazione (#AAD690) S002 Registrazione Requisito: WCAG 1.3.2 Disabilità afflitte: Blind;Cognitive;Low Vision;Mobility Impatto Utente: 1 - Critical Descrizione: FocusableText - Le visualizzazioni contenenti testo devono essere attivabili per le tecnologie per l'accesso facilitato, ad esempio TalkBack. [Per saperne di più] (https://docs.deque.com/devtools-mobile/2024.2.14/en/android-focusable-text) Esempio di violazione individuata sull'oggetto: - con selettore: No ID Available Dettaglio + screenshot (accedere con le seguenti credenziali: user, axeposte@gmail.com; password, Poste2024!): https://axe-mobile.deque.com/scan?userId=747da6b3-5f03-493b-bc9b-3a10276b7d6b&packageName=com.android.chrome&resultId=01987498-918f-7639-bf08-09d26a0751d4 Possibile metodologia risolutiva: Rimuovi android:focusable="true" dal testo statico non interattivo. File di log (occorrenze rilevate: 22): https://posteitaliane.sharepoint.com/:x:/r/teams/ACCESSIBILITRISULTATIVERIFICHETECNICHE/Shared%20Documents/TGPOSTE_APP/TGPOSTE_APP/LOG/Log.xlsx?d=w630300a71bd74143a1658fe5ab688bc4&csf=1&web=1&e=Y9XHGL Link al dettaglio requisito WCAG: | AE691: =_xlfn.XLOOKUP(Tabella4[[#This Row],[ID Silk]],outTable[ID Silk],outTable[Numero ticket ],,0,1) -> 0 | AH691: =Tabella4[[#This Row],[Caricato su Silk]]&Tabella4[[#This Row],[HC_01]] -> 0 | AI691: =Tabella4[[#This Row],[HC_ID]]&": "&Tabella4[[#This Row],[Descrizione]] -> 0: Le visualizzazioni contenenti testo devono essere attivabili per le tecnologie per l'accesso facilitato, ad esempio TalkBack. [Per saperne di più] (https://docs.deque.com/devtools-mobile/2024.2.14/en/android-focusable-text) | AJ691: =Tabella4[[#This Row],[HC_ID]]&": - "&Tabella4[[#This Row],[Detail]]&" con selettore: "&Tabella4[[#This Row],[Rejected Element]] -> 0: - con selettore: No ID Available | AK691: =Tabella4[[#This Row],[HC_ID]]&": "&Tabella4[[#This Row],[Share URL]] -> 0: https://axe-mobile.deque.com/scan?userId=747da6b3-5f03-493b-bc9b-3a10276b7d6b&packageName=com.android.chrome&resultId=01987498-918f-7639-bf08-09d26a0751d4 | AL691: =Tabella4[[#This Row],[HC_ID]]&": "&Tabella4[[#This Row],[Soluzione note aggiuntive]] -> 0: Rimuovi android:focusable="true" dal testo statico non interattivo.
A692: =Tabella4[[#This Row],[UNI CEI EN 301549]]&Tabella4[[#This Row],[Servizio]] -> 11.2.5.3.1S002 Registrazione | B692: =Tabella4[[#This Row],[IssueID]]&Tabella4[[#This Row],[Servizio]] -> S002 Registrazione | C692: AAD691 | D692: ="(#"&Tabella4[[#This Row],['#ID]]&")" -> (#AAD691) | E692: Android | F692: A | G692: 2.5.3 | H692: 11.2.5.3.1 | I692: 2 - Serious | J692: Blind;Deafblind;Mobility | K692: LabelInName | L692: Una vista focalizzabile accessibile deve garantire che il nome sia incluso nell'etichetta visibile. [Per saperne di più] (https://docs.deque.com/devtools-mobile/2024.2.14/en/android-label-in-name) | M692: No ID Available | O692: Home password dimenticata.txt | P692: #1 | Q692: Axe DevTools Mobile | S692: https://docs.deque.com/devtools-mobile/2024.2.14/en/android-label-in-name#how-to-fix | T692: Assicurati che contentDescription o labelFor contengano l’etichetta visibile dell’elemento. | U692: =COUNTIFS(Tabella4[Rejected Element],Tabella4[[#This Row],[Rejected Element]]) -> 1254 | V692: S002 Registrazione | W692: https://axe-mobile.deque.com/scan?userId=747da6b3-5f03-493b-bc9b-3a10276b7d6b&packageName=com.android.chrome&resultId=01987498-918f-7639-bf08-09d26a0751d4 | X692: =Tabella4[[#This Row],[User Impact]] -> 2 - Serious | Y692: =_xlfn.CONCAT("APP INDABOX ANDROID - ",Tabella4[[#This Row],[UNI CEI EN 301549]]," ",_xlfn.XLOOKUP(Tabella4[[#This Row],[Criterio]],Tabella5[ID],Tabella5[Criterio di successo],"")," - ",Tabella4[[#This Row],[Servizio]]) -> APP INDABOX ANDROID - 11.2.5.3.1 Etichetta nel nome - S002 Registrazione | Z692: =_xlfn.CONCAT(Tabella4[[#This Row],[Titolo Defect]]," ",Tabella4[[#This Row],[ID defectXsilk]],CHAR(10),Tabella4[[#This Row],[Servizio]],CHAR(10),_xlfn.CONCAT("Requisito: WCAG ",Tabella4[[#This Row],[Criterio]],CHAR(10),"Disabilità afflitte: ",Tabella4[[#This Row],[Disabilities]],CHAR(10),"Impatto Utente: ",Tabella4[[#This Row],[User Impact]],CHAR(10),CHAR(10),"Descrizione: ",Tabella4[[#This Row],[Titolo]]," - ",Tabella4[[#This Row],[Descrizione]],CHAR(10),CHAR(10),"Esempio di violazione individuata sull'oggetto: ",CHAR(10)," - ",Tabella4[[#This Row],[Detail]]," con selettore: ",CHAR(10),Tabella4[[#This Row],[Rejected Element]],CHAR(10),CHAR(10),"Dettaglio + screenshot (accedere con le seguenti credenziali: user, axeposte@gmail.com; password, Poste2024!): ",Tabella4[[#This Row],[Share URL]],CHAR(10)),CHAR(10),"Possibile metodologia risolutiva:"&CHAR(10),Tabella4[[#This Row],[Soluzione note aggiuntive]],CHAR(10),CHAR(10),"File di log (occorrenze rilevate: "&COUNTIF(Tabella4[ID Silk],Tabella4[[#This Row],[ID Silk]])&"): https://posteitaliane.sharepoint.com/:x:/r/teams/ACCESSIBILITRISULTATIVERIFICHETECNICHE/Shared%20Documents/TGPOSTE_APP/TGPOSTE_APP/LOG/Log.xlsx?d=w630300a71bd74143a1658fe5ab688bc4&csf=1&web=1&e=Y9XHGL",CHAR(10),CHAR(10),"Link al dettaglio requisito WCAG: ",_xlfn.XLOOKUP(Tabella4[[#This Row],[UNI CEI EN 301549]],'Dati input'!F:F,'Dati input'!H:H,"",0)) -> APP INDABOX ANDROID - 11.2.5.3.1 Etichetta nel nome - S002 Registrazione (#AAD691) S002 Registrazione Requisito: WCAG 2.5.3 Disabilità afflitte: Blind;Deafblind;Mobility Impatto Utente: 2 - Serious Descrizione: LabelInName - Una vista focalizzabile accessibile deve garantire che il nome sia incluso nell'etichetta visibile. [Per saperne di più] (https://docs.deque.com/devtools-mobile/2024.2.14/en/android-label-in-name) Esempio di violazione individuata sull'oggetto: - con selettore: No ID Available Dettaglio + screenshot (accedere con le seguenti credenziali: user, axeposte@gmail.com; password, Poste2024!): https://axe-mobile.deque.com/scan?userId=747da6b3-5f03-493b-bc9b-3a10276b7d6b&packageName=com.android.chrome&resultId=01987498-918f-7639-bf08-09d26a0751d4 Possibile metodologia risolutiva: Assicurati che contentDescription o labelFor contengano l’etichetta visibile dell’elemento. File di log (occorrenze rilevate: 20): https://posteitaliane.sharepoint.com/:x:/r/teams/ACCESSIBILITRISULTATIVERIFICHETECNICHE/Shared%20Documents/TGPOSTE_APP/TGPOSTE_APP/LOG/Log.xlsx?d=w630300a71bd74143a1658fe5ab688bc4&csf=1&web=1&e=Y9XHGL Link al dettaglio requisito WCAG: | AE692: =_xlfn.XLOOKUP(Tabella4[[#This Row],[ID Silk]],outTable[ID Silk],outTable[Numero ticket ],,0,1) -> #N/A | AH692: =Tabella4[[#This Row],[Caricato su Silk]]&Tabella4[[#This Row],[HC_01]] -> #N/A | AI692: =Tabella4[[#This Row],[HC_ID]]&": "&Tabella4[[#This Row],[Descrizione]] -> #N/A | AJ692: =Tabella4[[#This Row],[HC_ID]]&": - "&Tabella4[[#This Row],[Detail]]&" con selettore: "&Tabella4[[#This Row],[Rejected Element]] -> #N/A | AK692: =Tabella4[[#This Row],[HC_ID]]&": "&Tabella4[[#This Row],[Share URL]] -> #N/A | AL692: =Tabella4[[#This Row],[HC_ID]]&": "&Tabella4[[#This Row],[Soluzione note aggiuntive]] -> #N/A
A693: =Tabella4[[#This Row],[UNI CEI EN 301549]]&Tabella4[[#This Row],[Servizio]] -> 11.2.5.5.1S002 Registrazione | B693: =Tabella4[[#This Row],[IssueID]]&Tabella4[[#This Row],[Servizio]] -> S002 Registrazione | C693: AAD692 | D693: ="(#"&Tabella4[[#This Row],['#ID]]&")" -> (#AAD692) | E693: Android | F693: AAA | G693: 2.5.5 | H693: 11.2.5.5.1 | I693: 3 - Moderate | J693: Blind;Low Vision;Mobility | K693: TouchSizeWcag | L693: Tutti i controlli attivi devono avere un'area visiva e toccabile di almeno 44 dp per 44 dp. [Per saperne di più] (https://docs.deque.com/devtools-mobile/2024.2.14/en/android-touch-target-size) | M693: No ID Available | O693: Home password dimenticata.txt | P693: #1 | Q693: Axe DevTools Mobile | S693: https://docs.deque.com/devtools-mobile/2024.2.14/en/android-touch-target-size#how-to-fix | T693: Estendi il padding o usa un contenitore cliccabile più grande per rispettare la dimensione minima. | U693: =COUNTIFS(Tabella4[Rejected Element],Tabella4[[#This Row],[Rejected Element]]) -> 1254 | V693: S002 Registrazione | W693: https://axe-mobile.deque.com/scan?userId=747da6b3-5f03-493b-bc9b-3a10276b7d6b&packageName=com.android.chrome&resultId=01987498-918f-7639-bf08-09d26a0751d4 | X693: =Tabella4[[#This Row],[User Impact]] -> 3 - Moderate | Y693: =_xlfn.CONCAT("APP INDABOX ANDROID - ",Tabella4[[#This Row],[UNI CEI EN 301549]]," ",_xlfn.XLOOKUP(Tabella4[[#This Row],[Criterio]],Tabella5[ID],Tabella5[Criterio di successo],"")," - ",Tabella4[[#This Row],[Servizio]]) -> APP INDABOX ANDROID - 11.2.5.5.1 Dimensione dell'obiettivo (avanzato) - S002 Registrazione | Z693: =_xlfn.CONCAT(Tabella4[[#This Row],[Titolo Defect]]," ",Tabella4[[#This Row],[ID defectXsilk]],CHAR(10),Tabella4[[#This Row],[Servizio]],CHAR(10),_xlfn.CONCAT("Requisito: WCAG ",Tabella4[[#This Row],[Criterio]],CHAR(10),"Disabilità afflitte: ",Tabella4[[#This Row],[Disabilities]],CHAR(10),"Impatto Utente: ",Tabella4[[#This Row],[User Impact]],CHAR(10),CHAR(10),"Descrizione: ",Tabella4[[#This Row],[Titolo]]," - ",Tabella4[[#This Row],[Descrizione]],CHAR(10),CHAR(10),"Esempio di violazione individuata sull'oggetto: ",CHAR(10)," - ",Tabella4[[#This Row],[Detail]]," con selettore: ",CHAR(10),Tabella4[[#This Row],[Rejected Element]],CHAR(10),CHAR(10),"Dettaglio + screenshot (accedere con le seguenti credenziali: user, axeposte@gmail.com; password, Poste2024!): ",Tabella4[[#This Row],[Share URL]],CHAR(10)),CHAR(10),"Possibile metodologia risolutiva:"&CHAR(10),Tabella4[[#This Row],[Soluzione note aggiuntive]],CHAR(10),CHAR(10),"File di log (occorrenze rilevate: "&COUNTIF(Tabella4[ID Silk],Tabella4[[#This Row],[ID Silk]])&"): https://posteitaliane.sharepoint.com/:x:/r/teams/ACCESSIBILITRISULTATIVERIFICHETECNICHE/Shared%20Documents/TGPOSTE_APP/TGPOSTE_APP/LOG/Log.xlsx?d=w630300a71bd74143a1658fe5ab688bc4&csf=1&web=1&e=Y9XHGL",CHAR(10),CHAR(10),"Link al dettaglio requisito WCAG: ",_xlfn.XLOOKUP(Tabella4[[#This Row],[UNI CEI EN 301549]],'Dati input'!F:F,'Dati input'!H:H,"",0)) -> APP INDABOX ANDROID - 11.2.5.5.1 Dimensione dell'obiettivo (avanzato) - S002 Registrazione (#AAD692) S002 Registrazione Requisito: WCAG 2.5.5 Disabilità afflitte: Blind;Low Vision;Mobility Impatto Utente: 3 - Moderate Descrizione: TouchSizeWcag - Tutti i controlli attivi devono avere un'area visiva e toccabile di almeno 44 dp per 44 dp. [Per saperne di più] (https://docs.deque.com/devtools-mobile/2024.2.14/en/android-touch-target-size) Esempio di violazione individuata sull'oggetto: - con selettore: No ID Available Dettaglio + screenshot (accedere con le seguenti credenziali: user, axeposte@gmail.com; password, Poste2024!): https://axe-mobile.deque.com/scan?userId=747da6b3-5f03-493b-bc9b-3a10276b7d6b&packageName=com.android.chrome&resultId=01987498-918f-7639-bf08-09d26a0751d4 Possibile metodologia risolutiva: Estendi il padding o usa un contenitore cliccabile più grande per rispettare la dimensione minima. File di log (occorrenze rilevate: 17): https://posteitaliane.sharepoint.com/:x:/r/teams/ACCESSIBILITRISULTATIVERIFICHETECNICHE/Shared%20Documents/TGPOSTE_APP/TGPOSTE_APP/LOG/Log.xlsx?d=w630300a71bd74143a1658fe5ab688bc4&csf=1&web=1&e=Y9XHGL Link al dettaglio requisito WCAG: | AE693: =_xlfn.XLOOKUP(Tabella4[[#This Row],[ID Silk]],outTable[ID Silk],outTable[Numero ticket ],,0,1) -> #N/A | AH693: =Tabella4[[#This Row],[Caricato su Silk]]&Tabella4[[#This Row],[HC_01]] -> #N/A | AI693: =Tabella4[[#This Row],[HC_ID]]&": "&Tabella4[[#This Row],[Descrizione]] -> #N/A | AJ693: =Tabella4[[#This Row],[HC_ID]]&": - "&Tabella4[[#This Row],[Detail]]&" con selettore: "&Tabella4[[#This Row],[Rejected Element]] -> #N/A | AK693: =Tabella4[[#This Row],[HC_ID]]&": "&Tabella4[[#This Row],[Share URL]] -> #N/A | AL693: =Tabella4[[#This Row],[HC_ID]]&": "&Tabella4[[#This Row],[Soluzione note aggiuntive]] -> #N/A
A694: =Tabella4[[#This Row],[UNI CEI EN 301549]]&Tabella4[[#This Row],[Servizio]] -> 11.2.5.8.1S002 Registrazione | B694: =Tabella4[[#This Row],[IssueID]]&Tabella4[[#This Row],[Servizio]] -> S002 Registrazione | C694: AAD693 | D694: ="(#"&Tabella4[[#This Row],['#ID]]&")" -> (#AAD693) | E694: Android | F694: AA | G694: 2.5.8 | H694: 11.2.5.8.1 | I694: 2 - Serious | J694: Blind;Low Vision;Mobility | K694: TouchTargetSpacing | L694: I controlli utilizzabili devono avere una dimensione minima di 24 x 24 dp o devono essere posizionati in modo che se un cerchio con un diametro di 24 dp viene posizionato al centro del controllo, il cerchio non si intersecherà con un'altra destinazione o con il cerchio per un'altra destinazione. [Per saperne di più] (https://docs.deque.com/devtools-mobile/axe/android/rule/TouchTargetSpacing) | M694: No ID Available | O694: Home password dimenticata.txt | P694: #1 | Q694: Axe DevTools Mobile | S694: https://docs.deque.com/devtools-mobile/2024.9.18/en/android-touch-target-spacing#how-to-fix | T694: Aggiungi margini o padding di almeno 8dp tra elementi interattivi adiacenti. | U694: =COUNTIFS(Tabella4[Rejected Element],Tabella4[[#This Row],[Rejected Element]]) -> 1254 | V694: S002 Registrazione | W694: https://axe-mobile.deque.com/scan?userId=747da6b3-5f03-493b-bc9b-3a10276b7d6b&packageName=com.android.chrome&resultId=01987498-918f-7639-bf08-09d26a0751d4 | X694: =Tabella4[[#This Row],[User Impact]] -> 2 - Serious | Y694: =_xlfn.CONCAT("APP INDABOX ANDROID - ",Tabella4[[#This Row],[UNI CEI EN 301549]]," ",_xlfn.XLOOKUP(Tabella4[[#This Row],[Criterio]],Tabella5[ID],Tabella5[Criterio di successo],"")," - ",Tabella4[[#This Row],[Servizio]]) -> APP INDABOX ANDROID - 11.2.5.8.1 Dimensione dell'obiettivo (minimo) - S002 Registrazione | Z694: =_xlfn.CONCAT(Tabella4[[#This Row],[Titolo Defect]]," ",Tabella4[[#This Row],[ID defectXsilk]],CHAR(10),Tabella4[[#This Row],[Servizio]],CHAR(10),_xlfn.CONCAT("Requisito: WCAG ",Tabella4[[#This Row],[Criterio]],CHAR(10),"Disabilità afflitte: ",Tabella4[[#This Row],[Disabilities]],CHAR(10),"Impatto Utente: ",Tabella4[[#This Row],[User Impact]],CHAR(10),CHAR(10),"Descrizione: ",Tabella4[[#This Row],[Titolo]]," - ",Tabella4[[#This Row],[Descrizione]],CHAR(10),CHAR(10),"Esempio di violazione individuata sull'oggetto: ",CHAR(10)," - ",Tabella4[[#This Row],[Detail]]," con selettore: ",CHAR(10),Tabella4[[#This Row],[Rejected Element]],CHAR(10),CHAR(10),"Dettaglio + screenshot (accedere con le seguenti credenziali: user, axeposte@gmail.com; password, Poste2024!): ",Tabella4[[#This Row],[Share URL]],CHAR(10)),CHAR(10),"Possibile metodologia risolutiva:"&CHAR(10),Tabella4[[#This Row],[Soluzione note aggiuntive]],CHAR(10),CHAR(10),"File di log (occorrenze rilevate: "&COUNTIF(Tabella4[ID Silk],Tabella4[[#This Row],[ID Silk]])&"): https://posteitaliane.sharepoint.com/:x:/r/teams/ACCESSIBILITRISULTATIVERIFICHETECNICHE/Shared%20Documents/TGPOSTE_APP/TGPOSTE_APP/LOG/Log.xlsx?d=w630300a71bd74143a1658fe5ab688bc4&csf=1&web=1&e=Y9XHGL",CHAR(10),CHAR(10),"Link al dettaglio requisito WCAG: ",_xlfn.XLOOKUP(Tabella4[[#This Row],[UNI CEI EN 301549]],'Dati input'!F:F,'Dati input'!H:H,"",0)) -> APP INDABOX ANDROID - 11.2.5.8.1 Dimensione dell'obiettivo (minimo) - S002 Registrazione (#AAD693) S002 Registrazione Requisito: WCAG 2.5.8 Disabilità afflitte: Blind;Low Vision;Mobility Impatto Utente: 2 - Serious Descrizione: TouchTargetSpacing - I controlli utilizzabili devono avere una dimensione minima di 24 x 24 dp o devono essere posizionati in modo che se un cerchio con un diametro di 24 dp viene posizionato al centro del controllo, il cerchio non si intersecherà con un'altra destinazione o con il cerchio per un'altra destinazione. [Per saperne di più] (https://docs.deque.com/devtools-mobile/axe/android/rule/TouchTargetSpacing) Esempio di violazione individuata sull'oggetto: - con selettore: No ID Available Dettaglio + screenshot (accedere con le seguenti credenziali: user, axeposte@gmail.com; password, Poste2024!): https://axe-mobile.deque.com/scan?userId=747da6b3-5f03-493b-bc9b-3a10276b7d6b&packageName=com.android.chrome&resultId=01987498-918f-7639-bf08-09d26a0751d4 Possibile metodologia risolutiva: Aggiungi margini o padding di almeno 8dp tra elementi interattivi adiacenti. File di log (occorrenze rilevate: 31): https://posteitaliane.sharepoint.com/:x:/r/teams/ACCESSIBILITRISULTATIVERIFICHETECNICHE/Shared%20Documents/TGPOSTE_APP/TGPOSTE_APP/LOG/Log.xlsx?d=w630300a71bd74143a1658fe5ab688bc4&csf=1&web=1&e=Y9XHGL Link al dettaglio requisito WCAG: | AE694: =_xlfn.XLOOKUP(Tabella4[[#This Row],[ID Silk]],outTable[ID Silk],outTable[Numero ticket ],,0,1) -> #N/A | AH694: =Tabella4[[#This Row],[Caricato su Silk]]&Tabella4[[#This Row],[HC_01]] -> #N/A | AI694: =Tabella4[[#This Row],[HC_ID]]&": "&Tabella4[[#This Row],[Descrizione]] -> #N/A | AJ694: =Tabella4[[#This Row],[HC_ID]]&": - "&Tabella4[[#This Row],[Detail]]&" con selettore: "&Tabella4[[#This Row],[Rejected Element]] -> #N/A | AK694: =Tabella4[[#This Row],[HC_ID]]&": "&Tabella4[[#This Row],[Share URL]] -> #N/A | AL694: =Tabella4[[#This Row],[HC_ID]]&": "&Tabella4[[#This Row],[Soluzione note aggiuntive]] -> #N/A
A695: =Tabella4[[#This Row],[UNI CEI EN 301549]]&Tabella4[[#This Row],[Servizio]] -> 11.1.3.2.1S002 Registrazione | B695: =Tabella4[[#This Row],[IssueID]]&Tabella4[[#This Row],[Servizio]] -> S002 Registrazione | C695: AAD694 | D695: ="(#"&Tabella4[[#This Row],['#ID]]&")" -> (#AAD694) | E695: Android | F695: A | G695: 1.3.2 | H695: 11.1.3.2.1 | I695: 1 - Critical | J695: Blind;Cognitive;Low Vision;Mobility | K695: FocusableText | L695: Le visualizzazioni contenenti testo devono essere attivabili per le tecnologie per l'accesso facilitato, ad esempio TalkBack. [Per saperne di più] (https://docs.deque.com/devtools-mobile/2024.2.14/en/android-focusable-text) | M695: No ID Available | O695: Home password dimenticata.txt | P695: #1 | Q695: Axe DevTools Mobile | S695: https://docs.deque.com/devtools-mobile/2024.2.14/en/android-focusable-text#how-to-fix | T695: Rimuovi android:focusable="true" dal testo statico non interattivo. | U695: =COUNTIFS(Tabella4[Rejected Element],Tabella4[[#This Row],[Rejected Element]]) -> 1254 | V695: S002 Registrazione | W695: https://axe-mobile.deque.com/scan?userId=747da6b3-5f03-493b-bc9b-3a10276b7d6b&packageName=com.android.chrome&resultId=01987498-918f-7639-bf08-09d26a0751d4 | X695: =Tabella4[[#This Row],[User Impact]] -> 1 - Critical | Y695: =_xlfn.CONCAT("APP INDABOX ANDROID - ",Tabella4[[#This Row],[UNI CEI EN 301549]]," ",_xlfn.XLOOKUP(Tabella4[[#This Row],[Criterio]],Tabella5[ID],Tabella5[Criterio di successo],"")," - ",Tabella4[[#This Row],[Servizio]]) -> APP INDABOX ANDROID - 11.1.3.2.1 Sequenza significativa - S002 Registrazione | Z695: =_xlfn.CONCAT(Tabella4[[#This Row],[Titolo Defect]]," ",Tabella4[[#This Row],[ID defectXsilk]],CHAR(10),Tabella4[[#This Row],[Servizio]],CHAR(10),_xlfn.CONCAT("Requisito: WCAG ",Tabella4[[#This Row],[Criterio]],CHAR(10),"Disabilità afflitte: ",Tabella4[[#This Row],[Disabilities]],CHAR(10),"Impatto Utente: ",Tabella4[[#This Row],[User Impact]],CHAR(10),CHAR(10),"Descrizione: ",Tabella4[[#This Row],[Titolo]]," - ",Tabella4[[#This Row],[Descrizione]],CHAR(10),CHAR(10),"Esempio di violazione individuata sull'oggetto: ",CHAR(10)," - ",Tabella4[[#This Row],[Detail]]," con selettore: ",CHAR(10),Tabella4[[#This Row],[Rejected Element]],CHAR(10),CHAR(10),"Dettaglio + screenshot (accedere con le seguenti credenziali: user, axeposte@gmail.com; password, Poste2024!): ",Tabella4[[#This Row],[Share URL]],CHAR(10)),CHAR(10),"Possibile metodologia risolutiva:"&CHAR(10),Tabella4[[#This Row],[Soluzione note aggiuntive]],CHAR(10),CHAR(10),"File di log (occorrenze rilevate: "&COUNTIF(Tabella4[ID Silk],Tabella4[[#This Row],[ID Silk]])&"): https://posteitaliane.sharepoint.com/:x:/r/teams/ACCESSIBILITRISULTATIVERIFICHETECNICHE/Shared%20Documents/TGPOSTE_APP/TGPOSTE_APP/LOG/Log.xlsx?d=w630300a71bd74143a1658fe5ab688bc4&csf=1&web=1&e=Y9XHGL",CHAR(10),CHAR(10),"Link al dettaglio requisito WCAG: ",_xlfn.XLOOKUP(Tabella4[[#This Row],[UNI CEI EN 301549]],'Dati input'!F:F,'Dati input'!H:H,"",0)) -> APP INDABOX ANDROID - 11.1.3.2.1 Sequenza significativa - S002 Registrazione (#AAD694) S002 Registrazione Requisito: WCAG 1.3.2 Disabilità afflitte: Blind;Cognitive;Low Vision;Mobility Impatto Utente: 1 - Critical Descrizione: FocusableText - Le visualizzazioni contenenti testo devono essere attivabili per le tecnologie per l'accesso facilitato, ad esempio TalkBack. [Per saperne di più] (https://docs.deque.com/devtools-mobile/2024.2.14/en/android-focusable-text) Esempio di violazione individuata sull'oggetto: - con selettore: No ID Available Dettaglio + screenshot (accedere con le seguenti credenziali: user, axeposte@gmail.com; password, Poste2024!): https://axe-mobile.deque.com/scan?userId=747da6b3-5f03-493b-bc9b-3a10276b7d6b&packageName=com.android.chrome&resultId=01987498-918f-7639-bf08-09d26a0751d4 Possibile metodologia risolutiva: Rimuovi android:focusable="true" dal testo statico non interattivo. File di log (occorrenze rilevate: 22): https://posteitaliane.sharepoint.com/:x:/r/teams/ACCESSIBILITRISULTATIVERIFICHETECNICHE/Shared%20Documents/TGPOSTE_APP/TGPOSTE_APP/LOG/Log.xlsx?d=w630300a71bd74143a1658fe5ab688bc4&csf=1&web=1&e=Y9XHGL Link al dettaglio requisito WCAG: | AE695: =_xlfn.XLOOKUP(Tabella4[[#This Row],[ID Silk]],outTable[ID Silk],outTable[Numero ticket ],,0,1) -> 0 | AH695: =Tabella4[[#This Row],[Caricato su Silk]]&Tabella4[[#This Row],[HC_01]] -> 0 | AI695: =Tabella4[[#This Row],[HC_ID]]&": "&Tabella4[[#This Row],[Descrizione]] -> 0: Le visualizzazioni contenenti testo devono essere attivabili per le tecnologie per l'accesso facilitato, ad esempio TalkBack. [Per saperne di più] (https://docs.deque.com/devtools-mobile/2024.2.14/en/android-focusable-text) | AJ695: =Tabella4[[#This Row],[HC_ID]]&": - "&Tabella4[[#This Row],[Detail]]&" con selettore: "&Tabella4[[#This Row],[Rejected Element]] -> 0: - con selettore: No ID Available | AK695: =Tabella4[[#This Row],[HC_ID]]&": "&Tabella4[[#This Row],[Share URL]] -> 0: https://axe-mobile.deque.com/scan?userId=747da6b3-5f03-493b-bc9b-3a10276b7d6b&packageName=com.android.chrome&resultId=01987498-918f-7639-bf08-09d26a0751d4 | AL695: =Tabella4[[#This Row],[HC_ID]]&": "&Tabella4[[#This Row],[Soluzione note aggiuntive]] -> 0: Rimuovi android:focusable="true" dal testo statico non interattivo.
A696: =Tabella4[[#This Row],[UNI CEI EN 301549]]&Tabella4[[#This Row],[Servizio]] -> 11.2.5.3.1S002 Registrazione | B696: =Tabella4[[#This Row],[IssueID]]&Tabella4[[#This Row],[Servizio]] -> S002 Registrazione | C696: AAD695 | D696: ="(#"&Tabella4[[#This Row],['#ID]]&")" -> (#AAD695) | E696: Android | F696: A | G696: 2.5.3 | H696: 11.2.5.3.1 | I696: 2 - Serious | J696: Blind;Deafblind;Mobility | K696: LabelInName | L696: Una vista focalizzabile accessibile deve garantire che il nome sia incluso nell'etichetta visibile. [Per saperne di più] (https://docs.deque.com/devtools-mobile/2024.2.14/en/android-label-in-name) | M696: No ID Available | O696: Home password dimenticata.txt | P696: #1 | Q696: Axe DevTools Mobile | S696: https://docs.deque.com/devtools-mobile/2024.2.14/en/android-label-in-name#how-to-fix | T696: Assicurati che contentDescription o labelFor contengano l’etichetta visibile dell’elemento. | U696: =COUNTIFS(Tabella4[Rejected Element],Tabella4[[#This Row],[Rejected Element]]) -> 1254 | V696: S002 Registrazione | W696: https://axe-mobile.deque.com/scan?userId=747da6b3-5f03-493b-bc9b-3a10276b7d6b&packageName=com.android.chrome&resultId=01987498-918f-7639-bf08-09d26a0751d4 | X696: =Tabella4[[#This Row],[User Impact]] -> 2 - Serious | Y696: =_xlfn.CONCAT("APP INDABOX ANDROID - ",Tabella4[[#This Row],[UNI CEI EN 301549]]," ",_xlfn.XLOOKUP(Tabella4[[#This Row],[Criterio]],Tabella5[ID],Tabella5[Criterio di successo],"")," - ",Tabella4[[#This Row],[Servizio]]) -> APP INDABOX ANDROID - 11.2.5.3.1 Etichetta nel nome - S002 Registrazione | Z696: =_xlfn.CONCAT(Tabella4[[#This Row],[Titolo Defect]]," ",Tabella4[[#This Row],[ID defectXsilk]],CHAR(10),Tabella4[[#This Row],[Servizio]],CHAR(10),_xlfn.CONCAT("Requisito: WCAG ",Tabella4[[#This Row],[Criterio]],CHAR(10),"Disabilità afflitte: ",Tabella4[[#This Row],[Disabilities]],CHAR(10),"Impatto Utente: ",Tabella4[[#This Row],[User Impact]],CHAR(10),CHAR(10),"Descrizione: ",Tabella4[[#This Row],[Titolo]]," - ",Tabella4[[#This Row],[Descrizione]],CHAR(10),CHAR(10),"Esempio di violazione individuata sull'oggetto: ",CHAR(10)," - ",Tabella4[[#This Row],[Detail]]," con selettore: ",CHAR(10),Tabella4[[#This Row],[Rejected Element]],CHAR(10),CHAR(10),"Dettaglio + screenshot (accedere con le seguenti credenziali: user, axeposte@gmail.com; password, Poste2024!): ",Tabella4[[#This Row],[Share URL]],CHAR(10)),CHAR(10),"Possibile metodologia risolutiva:"&CHAR(10),Tabella4[[#This Row],[Soluzione note aggiuntive]],CHAR(10),CHAR(10),"File di log (occorrenze rilevate: "&COUNTIF(Tabella4[ID Silk],Tabella4[[#This Row],[ID Silk]])&"): https://posteitaliane.sharepoint.com/:x:/r/teams/ACCESSIBILITRISULTATIVERIFICHETECNICHE/Shared%20Documents/TGPOSTE_APP/TGPOSTE_APP/LOG/Log.xlsx?d=w630300a71bd74143a1658fe5ab688bc4&csf=1&web=1&e=Y9XHGL",CHAR(10),CHAR(10),"Link al dettaglio requisito WCAG: ",_xlfn.XLOOKUP(Tabella4[[#This Row],[UNI CEI EN 301549]],'Dati input'!F:F,'Dati input'!H:H,"",0)) -> APP INDABOX ANDROID - 11.2.5.3.1 Etichetta nel nome - S002 Registrazione (#AAD695) S002 Registrazione Requisito: WCAG 2.5.3 Disabilità afflitte: Blind;Deafblind;Mobility Impatto Utente: 2 - Serious Descrizione: LabelInName - Una vista focalizzabile accessibile deve garantire che il nome sia incluso nell'etichetta visibile. [Per saperne di più] (https://docs.deque.com/devtools-mobile/2024.2.14/en/android-label-in-name) Esempio di violazione individuata sull'oggetto: - con selettore: No ID Available Dettaglio + screenshot (accedere con le seguenti credenziali: user, axeposte@gmail.com; password, Poste2024!): https://axe-mobile.deque.com/scan?userId=747da6b3-5f03-493b-bc9b-3a10276b7d6b&packageName=com.android.chrome&resultId=01987498-918f-7639-bf08-09d26a0751d4 Possibile metodologia risolutiva: Assicurati che contentDescription o labelFor contengano l’etichetta visibile dell’elemento. File di log (occorrenze rilevate: 20): https://posteitaliane.sharepoint.com/:x:/r/teams/ACCESSIBILITRISULTATIVERIFICHETECNICHE/Shared%20Documents/TGPOSTE_APP/TGPOSTE_APP/LOG/Log.xlsx?d=w630300a71bd74143a1658fe5ab688bc4&csf=1&web=1&e=Y9XHGL Link al dettaglio requisito WCAG: | AE696: =_xlfn.XLOOKUP(Tabella4[[#This Row],[ID Silk]],outTable[ID Silk],outTable[Numero ticket ],,0,1) -> #N/A | AH696: =Tabella4[[#This Row],[Caricato su Silk]]&Tabella4[[#This Row],[HC_01]] -> #N/A | AI696: =Tabella4[[#This Row],[HC_ID]]&": "&Tabella4[[#This Row],[Descrizione]] -> #N/A | AJ696: =Tabella4[[#This Row],[HC_ID]]&": - "&Tabella4[[#This Row],[Detail]]&" con selettore: "&Tabella4[[#This Row],[Rejected Element]] -> #N/A | AK696: =Tabella4[[#This Row],[HC_ID]]&": "&Tabella4[[#This Row],[Share URL]] -> #N/A | AL696: =Tabella4[[#This Row],[HC_ID]]&": "&Tabella4[[#This Row],[Soluzione note aggiuntive]] -> #N/A
... A2022: =Tabella4[[#This Row],[UNI CEI EN 301549]]&Tabella4[[#This Row],[Servizio]] -> 11.1.3.2.1S004 Spedisci (IndaBox Spedizione Pacchi) | B2022: =Tabella4[[#This Row],[IssueID]]&Tabella4[[#This Row],[Servizio]] -> S004 Spedisci (IndaBox Spedizione Pacchi) | C2022: AAD2021 | D2022: ="(#"&Tabella4[[#This Row],['#ID]]&")" -> (#AAD2021) | E2022: Android | F2022: A | G2022: 1.3.2 | H2022: 11.1.3.2.1 | I2022: 1 - Critical | J2022: Blind;Cognitive;Low Vision;Mobility | K2022: FocusableText | L2022: Le visualizzazioni contenenti testo devono essere attivabili per le tecnologie per l'accesso facilitato, ad esempio TalkBack. [Per saperne di più] (https://docs.deque.com/devtools-mobile/2024.2.14/en/android-focusable-text) | M2022: No ID Available | O2022: Pubblico spedisci.txt | P2022: #45 | Q2022: Axe DevTools Mobile | S2022: https://docs.deque.com/devtools-mobile/2024.2.14/en/android-focusable-text#how-to-fix | T2022: Rimuovi android:focusable="true" dal testo statico non interattivo. | U2022: =COUNTIFS(Tabella4[Rejected Element],Tabella4[[#This Row],[Rejected Element]]) -> 1254 | V2022: S004 Spedisci (IndaBox Spedizione Pacchi) | W2022: https://axe-mobile.deque.com/scan?userId=747da6b3-5f03-493b-bc9b-3a10276b7d6b&packageName=com.android.chrome&resultId=019874ff-b067-701e-9c2f-d8de4216aa26 | X2022: =Tabella4[[#This Row],[User Impact]] -> 1 - Critical | Y2022: =_xlfn.CONCAT("APP INDABOX ANDROID - ",Tabella4[[#This Row],[UNI CEI EN 301549]]," ",_xlfn.XLOOKUP(Tabella4[[#This Row],[Criterio]],Tabella5[ID],Tabella5[Criterio di successo],"")," - ",Tabella4[[#This Row],[Servizio]]) -> APP INDABOX ANDROID - 11.1.3.2.1 Sequenza significativa - S004 Spedisci (IndaBox Spedizione Pacchi) | Z2022: =_xlfn.CONCAT(Tabella4[[#This Row],[Titolo Defect]]," ",Tabella4[[#This Row],[ID defectXsilk]],CHAR(10),Tabella4[[#This Row],[Servizio]],CHAR(10),_xlfn.CONCAT("Requisito: WCAG ",Tabella4[[#This Row],[Criterio]],CHAR(10),"Disabilità afflitte: ",Tabella4[[#This Row],[Disabilities]],CHAR(10),"Impatto Utente: ",Tabella4[[#This Row],[User Impact]],CHAR(10),CHAR(10),"Descrizione: ",Tabella4[[#This Row],[Titolo]]," - ",Tabella4[[#This Row],[Descrizione]],CHAR(10),CHAR(10),"Esempio di violazione individuata sull'oggetto: ",CHAR(10)," - ",Tabella4[[#This Row],[Detail]]," con selettore: ",CHAR(10),Tabella4[[#This Row],[Rejected Element]],CHAR(10),CHAR(10),"Dettaglio + screenshot (accedere con le seguenti credenziali: user, axeposte@gmail.com; password, Poste2024!): ",Tabella4[[#This Row],[Share URL]],CHAR(10)),CHAR(10),"Possibile metodologia risolutiva:"&CHAR(10),Tabella4[[#This Row],[Soluzione note aggiuntive]],CHAR(10),CHAR(10),"File di log (occorrenze rilevate: "&COUNTIF(Tabella4[ID Silk],Tabella4[[#This Row],[ID Silk]])&"): https://posteitaliane.sharepoint.com/:x:/r/teams/ACCESSIBILITRISULTATIVERIFICHETECNICHE/Shared%20Documents/TGPOSTE_APP/TGPOSTE_APP/LOG/Log.xlsx?d=w630300a71bd74143a1658fe5ab688bc4&csf=1&web=1&e=Y9XHGL",CHAR(10),CHAR(10),"Link al dettaglio requisito WCAG: ",_xlfn.XLOOKUP(Tabella4[[#This Row],[UNI CEI EN 301549]],'Dati input'!F:F,'Dati input'!H:H,"",0)) -> APP INDABOX ANDROID - 11.1.3.2.1 Sequenza significativa - S004 Spedisci (IndaBox Spedizione Pacchi) (#AAD2021) S004 Spedisci (IndaBox Spedizione Pacchi) Requisito: WCAG 1.3.2 Disabilità afflitte: Blind;Cognitive;Low Vision;Mobility Impatto Utente: 1 - Critical Descrizione: FocusableText - Le visualizzazioni contenenti testo devono essere attivabili per le tecnologie per l'accesso facilitato, ad esempio TalkBack. [Per saperne di più] (https://docs.deque.com/devtools-mobile/2024.2.14/en/android-focusable-text) Esempio di violazione individuata sull'oggetto: - con selettore: No ID Available Dettaglio + screenshot (accedere con le seguenti credenziali: user, axeposte@gmail.com; password, Poste2024!): https://axe-mobile.deque.com/scan?userId=747da6b3-5f03-493b-bc9b-3a10276b7d6b&packageName=com.android.chrome&resultId=019874ff-b067-701e-9c2f-d8de4216aa26 Possibile metodologia risolutiva: Rimuovi android:focusable="true" dal testo statico non interattivo. File di log (occorrenze rilevate: 163): https://posteitaliane.sharepoint.com/:x:/r/teams/ACCESSIBILITRISULTATIVERIFICHETECNICHE/Shared%20Documents/TGPOSTE_APP/TGPOSTE_APP/LOG/Log.xlsx?d=w630300a71bd74143a1658fe5ab688bc4&csf=1&web=1&e=Y9XHGL Link al dettaglio requisito WCAG: | AE2022: =_xlfn.XLOOKUP(Tabella4[[#This Row],[ID Silk]],outTable[ID Silk],outTable[Numero ticket ],,0,1) -> #N/A | AH2022: =Tabella4[[#This Row],[Caricato su Silk]]&Tabella4[[#This Row],[HC_01]] -> #N/A | AI2022: =Tabella4[[#This Row],[HC_ID]]&": "&Tabella4[[#This Row],[Descrizione]] -> #N/A | AJ2022: =Tabella4[[#This Row],[HC_ID]]&": - "&Tabella4[[#This Row],[Detail]]&" con selettore: "&Tabella4[[#This Row],[Rejected Element]] -> #N/A | AK2022: =Tabella4[[#This Row],[HC_ID]]&": "&Tabella4[[#This Row],[Share URL]] -> #N/A | AL2022: =Tabella4[[#This Row],[HC_ID]]&": "&Tabella4[[#This Row],[Soluzione note aggiuntive]] -> #N/A
A2023: =Tabella4[[#This Row],[UNI CEI EN 301549]]&Tabella4[[#This Row],[Servizio]] -> 10.1.2.2V001 Video tutorial | B2023: =Tabella4[[#This Row],[IssueID]]&Tabella4[[#This Row],[Servizio]] -> captions-missingV001 Video tutorial | C2023: V0001 | D2023: ="(#"&Tabella4[[#This Row],['#ID]]&")" -> (#V0001) | E2023: Documenti | F2023: A | G2023: 1.2.2 | H2023: 10.1.2.2 | I2023: 1 - Critical | J2023: Deaf | K2023: I sottotitoli non sono disponibili per i contenuti multimediali registrati | L2023: I sottotitoli non sono disponibili per i file multimediali registrati [Ulteriori informazioni] (https://docs.deque.com/issue-help/1.0.0/en/captions-missing) | M2023: Video | O2023: Pubblico Domande frequenti - Video.txt | P2023: =_xlfn.XLOOKUP(Tabella4[[#This Row],[Pagina]],Tabella1[Pagina],Tabella1[Page ID],,0,1) -> #48 | R2023: captions-missing | S2023: Visualizzando il video su mobile, i sottotitoli non sono presenti | T2023: Risolvi questo problema aggiungendo didascalie complete, accurate e sincronizzate al contenuto multimediale. | U2023: =COUNTIFS(Tabella4[Rejected Element],Tabella4[[#This Row],[Rejected Element]]) -> 1 | V2023: =_xlfn.XLOOKUP(Tabella4[[#This Row],[Page ID]],Tabella1[Page ID],Tabella1[Servizio],,0,1) -> V001 Video tutorial | X2023: =Tabella4[[#This Row],[User Impact]] -> 1 - Critical | Y2023: =_xlfn.CONCAT("APP INDABOX ANDROID - ",Tabella4[[#This Row],[UNI CEI EN 301549]]," ",_xlfn.XLOOKUP(Tabella4[[#This Row],[Criterio]],Tabella5[ID],Tabella5[Criterio di successo],"")," - ",Tabella4[[#This Row],[Servizio]]) -> APP INDABOX ANDROID - 10.1.2.2 Sottotitoli (preregistrati) - V001 Video tutorial | Z2023: =_xlfn.CONCAT(Tabella4[[#This Row],[Titolo Defect]]," ",Tabella4[[#This Row],[ID defectXsilk]],CHAR(10),Tabella4[[#This Row],[Servizio]],CHAR(10),_xlfn.CONCAT("Requisito: WCAG ",Tabella4[[#This Row],[Criterio]],CHAR(10),"Disabilità afflitte: ",Tabella4[[#This Row],[Disabilities]],CHAR(10),"Impatto Utente: ",Tabella4[[#This Row],[User Impact]],CHAR(10),CHAR(10),"Descrizione: ",Tabella4[[#This Row],[Titolo]]," - ",Tabella4[[#This Row],[Descrizione]],CHAR(10),CHAR(10),"Esempio di violazione individuata sull'oggetto: ",CHAR(10)," - ",Tabella4[[#This Row],[Detail]]," con selettore: ",CHAR(10),Tabella4[[#This Row],[Rejected Element]],CHAR(10),CHAR(10),"Dettaglio + screenshot (accedere con le seguenti credenziali: user, axeposte@gmail.com; password, Poste2024!): ",Tabella4[[#This Row],[Share URL]],CHAR(10)),CHAR(10),"Possibile metodologia risolutiva:"&CHAR(10),Tabella4[[#This Row],[Soluzione note aggiuntive]],CHAR(10),CHAR(10),"File di log (occorrenze rilevate: "&COUNTIF(Tabella4[ID Silk],Tabella4[[#This Row],[ID Silk]])&"): https://posteitaliane.sharepoint.com/:x:/r/teams/ACCESSIBILITRISULTATIVERIFICHETECNICHE/Shared%20Documents/TGPOSTE_APP/TGPOSTE_APP/LOG/Log.xlsx?d=w630300a71bd74143a1658fe5ab688bc4&csf=1&web=1&e=Y9XHGL",CHAR(10),CHAR(10),"Link al dettaglio requisito WCAG: ",_xlfn.XLOOKUP(Tabella4[[#This Row],[UNI CEI EN 301549]],'Dati input'!F:F,'Dati input'!H:H,"",0)) -> APP INDABOX ANDROID - 10.1.2.2 Sottotitoli (preregistrati) - V001 Video tutorial (#V0001) V001 Video tutorial Requisito: WCAG 1.2.2 Disabilità afflitte: Deaf Impatto Utente: 1 - Critical Descrizione: I sottotitoli non sono disponibili per i contenuti multimediali registrati - I sottotitoli non sono disponibili per i file multimediali registrati [Ulteriori informazioni] (https://docs.deque.com/issue-help/1.0.0/en/captions-missing) Esempio di violazione individuata sull'oggetto: - con selettore: Video Dettaglio + screenshot (accedere con le seguenti credenziali: user, axeposte@gmail.com; password, Poste2024!): Possibile metodologia risolutiva: Risolvi questo problema aggiungendo didascalie complete, accurate e sincronizzate al contenuto multimediale. File di log (occorrenze rilevate: 1): https://posteitaliane.sharepoint.com/:x:/r/teams/ACCESSIBILITRISULTATIVERIFICHETECNICHE/Shared%20Documents/TGPOSTE_APP/TGPOSTE_APP/LOG/Log.xlsx?d=w630300a71bd74143a1658fe5ab688bc4&csf=1&web=1&e=Y9XHGL Link al dettaglio requisito WCAG: | AE2023: =_xlfn.XLOOKUP(Tabella4[[#This Row],[ID Silk]],outTable[ID Silk],outTable[Numero ticket ],,0,1) -> #N/A | AH2023: =Tabella4[[#This Row],[Caricato su Silk]]&Tabella4[[#This Row],[HC_01]] -> #N/A | AI2023: =Tabella4[[#This Row],[HC_ID]]&": "&Tabella4[[#This Row],[Descrizione]] -> #N/A | AJ2023: =Tabella4[[#This Row],[HC_ID]]&": - "&Tabella4[[#This Row],[Detail]]&" con selettore: "&Tabella4[[#This Row],[Rejected Element]] -> #N/A | AK2023: =Tabella4[[#This Row],[HC_ID]]&": "&Tabella4[[#This Row],[Share URL]] -> #N/A | AL2023: =Tabella4[[#This Row],[HC_ID]]&": "&Tabella4[[#This Row],[Soluzione note aggiuntive]] -> #N/A
A2024: =Tabella4[[#This Row],[UNI CEI EN 301549]]&Tabella4[[#This Row],[Servizio]] -> 11.4.1.2.1S004 Spedisci (IndaBox Spedizione Pacchi) | B2024: =Tabella4[[#This Row],[IssueID]]&Tabella4[[#This Row],[Servizio]] -> S004 Spedisci (IndaBox Spedizione Pacchi) | C2024: MAD001 | D2024: ="(#"&Tabella4[[#This Row],['#ID]]&")" -> (#MAD001) | E2024: =IF(LEFT(Tabella4[[#This Row],['#ID]],3)="MAD","Android","Documenti") -> Android | F2024: A | G2024: 4.1.2 | H2024: 11.4.1.2.1 | I2024: 3 - Moderate | J2024: Blind;Cognitive;Low Vision | K2024: Annuncio errato | L2024: Talkback legge in maniera errata un elemento(https://www.w3.org/WAI/WCAG21/Understanding/name-role-value) | N2024: Dopo la lattura del titolo nella barra gialla "IndaBox ritiriamo pacchi al posto tuo" legge Visualizzazzione immagine (Home privata) - Visualizzazzione immagine | O2024: Privata spedisci.txt | P2024: =_xlfn.XLOOKUP(Tabella4[[#This Row],[Pagina]],Tabella1[Pagina],Tabella1[Page ID],,0,1) -> #15 | Q2024: Talkback | T2024: Fornire informazioni su ruolo, stato e valore su tutti i componenti dell'interfaccia utente | U2024: =COUNTIFS(Tabella4[Rejected Element],Tabella4[[#This Row],[Rejected Element]]) -> 0 | V2024: =_xlfn.XLOOKUP(Tabella4[[#This Row],[Page ID]],Tabella1[Page ID],Tabella1[Servizio],,0,1) -> S004 Spedisci (IndaBox Spedizione Pacchi) | X2024: =Tabella4[[#This Row],[User Impact]] -> 3 - Moderate | Y2024: =_xlfn.CONCAT("APP INDABOX ANDROID - ",Tabella4[[#This Row],[UNI CEI EN 301549]]," ",_xlfn.XLOOKUP(Tabella4[[#This Row],[Criterio]],Tabella5[ID],Tabella5[Criterio di successo],"")," - ",Tabella4[[#This Row],[Servizio]]) -> APP INDABOX ANDROID - 11.4.1.2.1 Nome, ruolo, valore - S004 Spedisci (IndaBox Spedizione Pacchi) | Z2024: =_xlfn.CONCAT(Tabella4[[#This Row],[Titolo Defect]]," ",Tabella4[[#This Row],[ID defectXsilk]],CHAR(10),Tabella4[[#This Row],[Servizio]],CHAR(10),_xlfn.CONCAT("Requisito: WCAG ",Tabella4[[#This Row],[Criterio]],CHAR(10),"Disabilità afflitte: ",Tabella4[[#This Row],[Disabilities]],CHAR(10),"Impatto Utente: ",Tabella4[[#This Row],[User Impact]],CHAR(10),CHAR(10),"Descrizione: ",Tabella4[[#This Row],[Titolo]]," - ",Tabella4[[#This Row],[Descrizione]],CHAR(10),CHAR(10),"Esempio di violazione individuata sull'oggetto: ",CHAR(10)," - ",Tabella4[[#This Row],[Detail]]," con selettore: ",CHAR(10),Tabella4[[#This Row],[Rejected Element]],CHAR(10),CHAR(10),"Dettaglio + screenshot (accedere con le seguenti credenziali: user, axeposte@gmail.com; password, Poste2024!): ",Tabella4[[#This Row],[Share URL]],CHAR(10)),CHAR(10),"Possibile metodologia risolutiva:"&CHAR(10),Tabella4[[#This Row],[Soluzione note aggiuntive]],CHAR(10),CHAR(10),"File di log (occorrenze rilevate: "&COUNTIF(Tabella4[ID Silk],Tabella4[[#This Row],[ID Silk]])&"): https://posteitaliane.sharepoint.com/:x:/r/teams/ACCESSIBILITRISULTATIVERIFICHETECNICHE/Shared%20Documents/TGPOSTE_APP/TGPOSTE_APP/LOG/Log.xlsx?d=w630300a71bd74143a1658fe5ab688bc4&csf=1&web=1&e=Y9XHGL",CHAR(10),CHAR(10),"Link al dettaglio requisito WCAG: ",_xlfn.XLOOKUP(Tabella4[[#This Row],[UNI CEI EN 301549]],'Dati input'!F:F,'Dati input'!H:H,"",0)) -> APP INDABOX ANDROID - 11.4.1.2.1 Nome, ruolo, valore - S004 Spedisci (IndaBox Spedizione Pacchi) (#MAD001) S004 Spedisci (IndaBox Spedizione Pacchi) Requisito: WCAG 4.1.2 Disabilità afflitte: Blind;Cognitive;Low Vision Impatto Utente: 3 - Moderate Descrizione: Annuncio errato - Talkback legge in maniera errata un elemento(https://www.w3.org/WAI/WCAG21/Understanding/name-role-value) Esempio di violazione individuata sull'oggetto: - Dopo la lattura del titolo nella barra gialla "IndaBox ritiriamo pacchi al posto tuo" legge Visualizzazzione immagine (Home privata) - Visualizzazzione immagine con selettore: Dettaglio + screenshot (accedere con le seguenti credenziali: user, axeposte@gmail.com; password, Poste2024!): Possibile metodologia risolutiva: Fornire informazioni su ruolo, stato e valore su tutti i componenti dell'interfaccia utente File di log (occorrenze rilevate: 12): https://posteitaliane.sharepoint.com/:x:/r/teams/ACCESSIBILITRISULTATIVERIFICHETECNICHE/Shared%20Documents/TGPOSTE_APP/TGPOSTE_APP/LOG/Log.xlsx?d=w630300a71bd74143a1658fe5ab688bc4&csf=1&web=1&e=Y9XHGL Link al dettaglio requisito WCAG: https://posteitaliane.sharepoint.com/:w:/r/teams/ACCESSIBILITRISULTATIVERIFICHETECNICHE/Shared%20Documents/Generale/SCHEDE_REQUISITI/11.4.1.2.1_Nome,ruolo,valore_(funzionalit%C3%A0_aperta).docx?d=wb96cf3f2554842538f60f52e05fa31f4&csf=1&web=1&e=FzyCQ3 | AE2024: =_xlfn.XLOOKUP(Tabella4[[#This Row],[ID Silk]],outTable[ID Silk],outTable[Numero ticket ],,0,1) -> #N/A | AH2024: =Tabella4[[#This Row],[Caricato su Silk]]&Tabella4[[#This Row],[HC_01]] -> #N/A | AI2024: =Tabella4[[#This Row],[HC_ID]]&": "&Tabella4[[#This Row],[Descrizione]] -> #N/A | AJ2024: =Tabella4[[#This Row],[HC_ID]]&": - "&Tabella4[[#This Row],[Detail]]&" con selettore: "&Tabella4[[#This Row],[Rejected Element]] -> #N/A | AK2024: =Tabella4[[#This Row],[HC_ID]]&": "&Tabella4[[#This Row],[Share URL]] -> #N/A | AL2024: =Tabella4[[#This Row],[HC_ID]]&": "&Tabella4[[#This Row],[Soluzione note aggiuntive]] -> #N/A
A2025: =Tabella4[[#This Row],[UNI CEI EN 301549]]&Tabella4[[#This Row],[Servizio]] -> 11.4.1.2.1S004 Spedisci (IndaBox Spedizione Pacchi) | B2025: =Tabella4[[#This Row],[IssueID]]&Tabella4[[#This Row],[Servizio]] -> S004 Spedisci (IndaBox Spedizione Pacchi) | C2025: MAD002 | D2025: ="(#"&Tabella4[[#This Row],['#ID]]&")" -> (#MAD002) | E2025: =IF(LEFT(Tabella4[[#This Row],['#ID]],3)="AAD","Android","Documenti") -> Documenti | F2025: A | G2025: 4.1.2 | H2025: 11.4.1.2.1 | I2025: 3 - Moderate | J2025: Blind;Cognitive;Low Vision | K2025: Annuncio errato | L2025: Talkback legge in maniera errata un elemento(https://www.w3.org/WAI/WCAG21/Understanding/name-role-value) | N2025: Nello spazio "spedizione nazionale" (Privata Spedisci) il quadrato a DX invece di leggere "spedizione nazionale" legge"link visitato" | O2025: Privata spedisci.txt | P2025: =_xlfn.XLOOKUP(Tabella4[[#This Row],[Pagina]],Tabella1[Pagina],Tabella1[Page ID],,0,1) -> #15 | Q2025: Talkback | T2025: Fornire informazioni su ruolo, stato e valore su tutti i componenti dell'interfaccia utente | U2025: =COUNTIFS(Tabella4[Rejected Element],Tabella4[[#This Row],[Rejected Element]]) -> 0 | V2025: =_xlfn.XLOOKUP(Tabella4[[#This Row],[Page ID]],Tabella1[Page ID],Tabella1[Servizio],,0,1) -> S004 Spedisci (IndaBox Spedizione Pacchi) | X2025: =Tabella4[[#This Row],[User Impact]] -> 3 - Moderate | Y2025: =_xlfn.CONCAT("APP INDABOX ANDROID - ",Tabella4[[#This Row],[UNI CEI EN 301549]]," ",_xlfn.XLOOKUP(Tabella4[[#This Row],[Criterio]],Tabella5[ID],Tabella5[Criterio di successo],"")," - ",Tabella4[[#This Row],[Servizio]]) -> APP INDABOX ANDROID - 11.4.1.2.1 Nome, ruolo, valore - S004 Spedisci (IndaBox Spedizione Pacchi) | Z2025: =_xlfn.CONCAT(Tabella4[[#This Row],[Titolo Defect]]," ",Tabella4[[#This Row],[ID defectXsilk]],CHAR(10),Tabella4[[#This Row],[Servizio]],CHAR(10),_xlfn.CONCAT("Requisito: WCAG ",Tabella4[[#This Row],[Criterio]],CHAR(10),"Disabilità afflitte: ",Tabella4[[#This Row],[Disabilities]],CHAR(10),"Impatto Utente: ",Tabella4[[#This Row],[User Impact]],CHAR(10),CHAR(10),"Descrizione: ",Tabella4[[#This Row],[Titolo]]," - ",Tabella4[[#This Row],[Descrizione]],CHAR(10),CHAR(10),"Esempio di violazione individuata sull'oggetto: ",CHAR(10)," - ",Tabella4[[#This Row],[Detail]]," con selettore: ",CHAR(10),Tabella4[[#This Row],[Rejected Element]],CHAR(10),CHAR(10),"Dettaglio + screenshot (accedere con le seguenti credenziali: user, axeposte@gmail.com; password, Poste2024!): ",Tabella4[[#This Row],[Share URL]],CHAR(10)),CHAR(10),"Possibile metodologia risolutiva:"&CHAR(10),Tabella4[[#This Row],[Soluzione note aggiuntive]],CHAR(10),CHAR(10),"File di log (occorrenze rilevate: "&COUNTIF(Tabella4[ID Silk],Tabella4[[#This Row],[ID Silk]])&"): https://posteitaliane.sharepoint.com/:x:/r/teams/ACCESSIBILITRISULTATIVERIFICHETECNICHE/Shared%20Documents/TGPOSTE_APP/TGPOSTE_APP/LOG/Log.xlsx?d=w630300a71bd74143a1658fe5ab688bc4&csf=1&web=1&e=Y9XHGL",CHAR(10),CHAR(10),"Link al dettaglio requisito WCAG: ",_xlfn.XLOOKUP(Tabella4[[#This Row],[UNI CEI EN 301549]],'Dati input'!F:F,'Dati input'!H:H,"",0)) -> APP INDABOX ANDROID - 11.4.1.2.1 Nome, ruolo, valore - S004 Spedisci (IndaBox Spedizione Pacchi) (#MAD002) S004 Spedisci (IndaBox Spedizione Pacchi) Requisito: WCAG 4.1.2 Disabilità afflitte: Blind;Cognitive;Low Vision Impatto Utente: 3 - Moderate Descrizione: Annuncio errato - Talkback legge in maniera errata un elemento(https://www.w3.org/WAI/WCAG21/Understanding/name-role-value) Esempio di violazione individuata sull'oggetto: - Nello spazio "spedizione nazionale" (Privata Spedisci) il quadrato a DX invece di leggere "spedizione nazionale" legge"link visitato" con selettore: Dettaglio + screenshot (accedere con le seguenti credenziali: user, axeposte@gmail.com; password, Poste2024!): Possibile metodologia risolutiva: Fornire informazioni su ruolo, stato e valore su tutti i componenti dell'interfaccia utente File di log (occorrenze rilevate: 12): https://posteitaliane.sharepoint.com/:x:/r/teams/ACCESSIBILITRISULTATIVERIFICHETECNICHE/Shared%20Documents/TGPOSTE_APP/TGPOSTE_APP/LOG/Log.xlsx?d=w630300a71bd74143a1658fe5ab688bc4&csf=1&web=1&e=Y9XHGL Link al dettaglio requisito WCAG: https://posteitaliane.sharepoint.com/:w:/r/teams/ACCESSIBILITRISULTATIVERIFICHETECNICHE/Shared%20Documents/Generale/SCHEDE_REQUISITI/11.4.1.2.1_Nome,ruolo,valore_(funzionalit%C3%A0_aperta).docx?d=wb96cf3f2554842538f60f52e05fa31f4&csf=1&web=1&e=FzyCQ3 | AE2025: =_xlfn.XLOOKUP(Tabella4[[#This Row],[ID Silk]],outTable[ID Silk],outTable[Numero ticket ],,0,1) -> #N/A | AH2025: =Tabella4[[#This Row],[Caricato su Silk]]&Tabella4[[#This Row],[HC_01]] -> #N/A | AI2025: =Tabella4[[#This Row],[HC_ID]]&": "&Tabella4[[#This Row],[Descrizione]] -> #N/A | AJ2025: =Tabella4[[#This Row],[HC_ID]]&": - "&Tabella4[[#This Row],[Detail]]&" con selettore: "&Tabella4[[#This Row],[Rejected Element]] -> #N/A | AK2025: =Tabella4[[#This Row],[HC_ID]]&": "&Tabella4[[#This Row],[Share URL]] -> #N/A | AL2025: =Tabella4[[#This Row],[HC_ID]]&": "&Tabella4[[#This Row],[Soluzione note aggiuntive]] -> #N/A
A2026: =Tabella4[[#This Row],[UNI CEI EN 301549]]&Tabella4[[#This Row],[Servizio]] -> 11.3.1.2.1S001 Accedi | B2026: =Tabella4[[#This Row],[IssueID]]&Tabella4[[#This Row],[Servizio]] -> S001 Accedi | C2026: MAD003 | D2026: ="(#"&Tabella4[[#This Row],['#ID]]&")" -> (#MAD003) | E2026: =IF(LEFT(Tabella4[[#This Row],['#ID]],3)="AAD","Android","Documenti") -> Documenti | F2026: AA | G2026: 3.1.2 | H2026: 11.3.1.2.1 | I2026: 3 - Moderate | J2026: Blind;Cognitive;Low Vision | K2026: Parti in lingua | L2026: Al voice over non viene indicato il linguaggio corretto per la parola (https://www.w3.org/WAI/WCAG21/quickref/#language-of-parts) | N2026: Nella home privata legge Parti in lingua non italiana - Home privata, lettura generale | O2026: Privata home.txt | P2026: =_xlfn.XLOOKUP(Tabella4[[#This Row],[Pagina]],Tabella1[Pagina],Tabella1[Page ID],,0,1) -> #13 | Q2026: Talkback | T2026: Specificare la lingua corretta per parole o frasi che differiscono dalla lingua principale dell’app. In Android, utilizzare l'attributo android:contentDescription con la lingua corretta. | U2026: =COUNTIFS(Tabella4[Rejected Element],Tabella4[[#This Row],[Rejected Element]]) -> 0 | V2026: =_xlfn.XLOOKUP(Tabella4[[#This Row],[Page ID]],Tabella1[Page ID],Tabella1[Servizio],,0,1) -> S001 Accedi | X2026: =Tabella4[[#This Row],[User Impact]] -> 3 - Moderate | Y2026: =_xlfn.CONCAT("APP INDABOX ANDROID - ",Tabella4[[#This Row],[UNI CEI EN 301549]]," ",_xlfn.XLOOKUP(Tabella4[[#This Row],[Criterio]],Tabella5[ID],Tabella5[Criterio di successo],"")," - ",Tabella4[[#This Row],[Servizio]]) -> APP INDABOX ANDROID - 11.3.1.2.1 Parti in lingua - S001 Accedi | Z2026: =_xlfn.CONCAT(Tabella4[[#This Row],[Titolo Defect]]," ",Tabella4[[#This Row],[ID defectXsilk]],CHAR(10),Tabella4[[#This Row],[Servizio]],CHAR(10),_xlfn.CONCAT("Requisito: WCAG ",Tabella4[[#This Row],[Criterio]],CHAR(10),"Disabilità afflitte: ",Tabella4[[#This Row],[Disabilities]],CHAR(10),"Impatto Utente: ",Tabella4[[#This Row],[User Impact]],CHAR(10),CHAR(10),"Descrizione: ",Tabella4[[#This Row],[Titolo]]," - ",Tabella4[[#This Row],[Descrizione]],CHAR(10),CHAR(10),"Esempio di violazione individuata sull'oggetto: ",CHAR(10)," - ",Tabella4[[#This Row],[Detail]]," con selettore: ",CHAR(10),Tabella4[[#This Row],[Rejected Element]],CHAR(10),CHAR(10),"Dettaglio + screenshot (accedere con le seguenti credenziali: user, axeposte@gmail.com; password, Poste2024!): ",Tabella4[[#This Row],[Share URL]],CHAR(10)),CHAR(10),"Possibile metodologia risolutiva:"&CHAR(10),Tabella4[[#This Row],[Soluzione note aggiuntive]],CHAR(10),CHAR(10),"File di log (occorrenze rilevate: "&COUNTIF(Tabella4[ID Silk],Tabella4[[#This Row],[ID Silk]])&"): https://posteitaliane.sharepoint.com/:x:/r/teams/ACCESSIBILITRISULTATIVERIFICHETECNICHE/Shared%20Documents/TGPOSTE_APP/TGPOSTE_APP/LOG/Log.xlsx?d=w630300a71bd74143a1658fe5ab688bc4&csf=1&web=1&e=Y9XHGL",CHAR(10),CHAR(10),"Link al dettaglio requisito WCAG: ",_xlfn.XLOOKUP(Tabella4[[#This Row],[UNI CEI EN 301549]],'Dati input'!F:F,'Dati input'!H:H,"",0)) -> APP INDABOX ANDROID - 11.3.1.2.1 Parti in lingua - S001 Accedi (#MAD003) S001 Accedi Requisito: WCAG 3.1.2 Disabilità afflitte: Blind;Cognitive;Low Vision Impatto Utente: 3 - Moderate Descrizione: Parti in lingua - Al voice over non viene indicato il linguaggio corretto per la parola (https://www.w3.org/WAI/WCAG21/quickref/#language-of-parts) Esempio di violazione individuata sull'oggetto: - Nella home privata legge Parti in lingua non italiana - Home privata, lettura generale con selettore: Dettaglio + screenshot (accedere con le seguenti credenziali: user, axeposte@gmail.com; password, Poste2024!): Possibile metodologia risolutiva: Specificare la lingua corretta per parole o frasi che differiscono dalla lingua principale dell’app. In Android, utilizzare l'attributo android:contentDescription con la lingua corretta. File di log (occorrenze rilevate: 3): https://posteitaliane.sharepoint.com/:x:/r/teams/ACCESSIBILITRISULTATIVERIFICHETECNICHE/Shared%20Documents/TGPOSTE_APP/TGPOSTE_APP/LOG/Log.xlsx?d=w630300a71bd74143a1658fe5ab688bc4&csf=1&web=1&e=Y9XHGL Link al dettaglio requisito WCAG: | AE2026: =_xlfn.XLOOKUP(Tabella4[[#This Row],[ID Silk]],outTable[ID Silk],outTable[Numero ticket ],,0,1) -> #N/A | AH2026: =Tabella4[[#This Row],[Caricato su Silk]]&Tabella4[[#This Row],[HC_01]] -> #N/A | AI2026: =Tabella4[[#This Row],[HC_ID]]&": "&Tabella4[[#This Row],[Descrizione]] -> #N/A | AJ2026: =Tabella4[[#This Row],[HC_ID]]&": - "&Tabella4[[#This Row],[Detail]]&" con selettore: "&Tabella4[[#This Row],[Rejected Element]] -> #N/A | AK2026: =Tabella4[[#This Row],[HC_ID]]&": "&Tabella4[[#This Row],[Share URL]] -> #N/A | AL2026: =Tabella4[[#This Row],[HC_ID]]&": "&Tabella4[[#This Row],[Soluzione note aggiuntive]] -> #N/A
A2027: =Tabella4[[#This Row],[UNI CEI EN 301549]]&Tabella4[[#This Row],[Servizio]] -> 11.3.1.2.1S001 Accedi | B2027: =Tabella4[[#This Row],[IssueID]]&Tabella4[[#This Row],[Servizio]] -> S001 Accedi | C2027: MAD004 | D2027: ="(#"&Tabella4[[#This Row],['#ID]]&")" -> (#MAD004) | E2027: =IF(LEFT(Tabella4[[#This Row],['#ID]],3)="AAD","Android","Documenti") -> Documenti | F2027: AA | G2027: 3.1.2 | H2027: 11.3.1.2.1 | I2027: 3 - Moderate | J2027: Blind;Cognitive;Low Vision | K2027: Parti in lingua | L2027: Al voice over non viene indicato il linguaggio corretto per la parola (https://www.w3.org/WAI/WCAG21/quickref/#language-of-parts) | N2027: Username | O2027: Home pubblica.txt | P2027: =_xlfn.XLOOKUP(Tabella4[[#This Row],[Pagina]],Tabella1[Pagina],Tabella1[Page ID],,0,1) -> #5 | Q2027: Talkback | T2027: Specificare la lingua corretta per parole o frasi che differiscono dalla lingua principale dell’app. In Android, utilizzare l'attributo android:contentDescription con la lingua corretta. | U2027: =COUNTIFS(Tabella4[Rejected Element],Tabella4[[#This Row],[Rejected Element]]) -> 0 | V2027: =_xlfn.XLOOKUP(Tabella4[[#This Row],[Page ID]],Tabella1[Page ID],Tabella1[Servizio],,0,1) -> S001 Accedi | X2027: =Tabella4[[#This Row],[User Impact]] -> 3 - Moderate | Y2027: =_xlfn.CONCAT("APP INDABOX ANDROID - ",Tabella4[[#This Row],[UNI CEI EN 301549]]," ",_xlfn.XLOOKUP(Tabella4[[#This Row],[Criterio]],Tabella5[ID],Tabella5[Criterio di successo],"")," - ",Tabella4[[#This Row],[Servizio]]) -> APP INDABOX ANDROID - 11.3.1.2.1 Parti in lingua - S001 Accedi | Z2027: =_xlfn.CONCAT(Tabella4[[#This Row],[Titolo Defect]]," ",Tabella4[[#This Row],[ID defectXsilk]],CHAR(10),Tabella4[[#This Row],[Servizio]],CHAR(10),_xlfn.CONCAT("Requisito: WCAG ",Tabella4[[#This Row],[Criterio]],CHAR(10),"Disabilità afflitte: ",Tabella4[[#This Row],[Disabilities]],CHAR(10),"Impatto Utente: ",Tabella4[[#This Row],[User Impact]],CHAR(10),CHAR(10),"Descrizione: ",Tabella4[[#This Row],[Titolo]]," - ",Tabella4[[#This Row],[Descrizione]],CHAR(10),CHAR(10),"Esempio di violazione individuata sull'oggetto: ",CHAR(10)," - ",Tabella4[[#This Row],[Detail]]," con selettore: ",CHAR(10),Tabella4[[#This Row],[Rejected Element]],CHAR(10),CHAR(10),"Dettaglio + screenshot (accedere con le seguenti credenziali: user, axeposte@gmail.com; password, Poste2024!): ",Tabella4[[#This Row],[Share URL]],CHAR(10)),CHAR(10),"Possibile metodologia risolutiva:"&CHAR(10),Tabella4[[#This Row],[Soluzione note aggiuntive]],CHAR(10),CHAR(10),"File di log (occorrenze rilevate: "&COUNTIF(Tabella4[ID Silk],Tabella4[[#This Row],[ID Silk]])&"): https://posteitaliane.sharepoint.com/:x:/r/teams/ACCESSIBILITRISULTATIVERIFICHETECNICHE/Shared%20Documents/TGPOSTE_APP/TGPOSTE_APP/LOG/Log.xlsx?d=w630300a71bd74143a1658fe5ab688bc4&csf=1&web=1&e=Y9XHGL",CHAR(10),CHAR(10),"Link al dettaglio requisito WCAG: ",_xlfn.XLOOKUP(Tabella4[[#This Row],[UNI CEI EN 301549]],'Dati input'!F:F,'Dati input'!H:H,"",0)) -> APP INDABOX ANDROID - 11.3.1.2.1 Parti in lingua - S001 Accedi (#MAD004) S001 Accedi Requisito: WCAG 3.1.2 Disabilità afflitte: Blind;Cognitive;Low Vision Impatto Utente: 3 - Moderate Descrizione: Parti in lingua - Al voice over non viene indicato il linguaggio corretto per la parola (https://www.w3.org/WAI/WCAG21/quickref/#language-of-parts) Esempio di violazione individuata sull'oggetto: - Username con selettore: Dettaglio + screenshot (accedere con le seguenti credenziali: user, axeposte@gmail.com; password, Poste2024!): Possibile metodologia risolutiva: Specificare la lingua corretta per parole o frasi che differiscono dalla lingua principale dell’app. In Android, utilizzare l'attributo android:contentDescription con la lingua corretta. File di log (occorrenze rilevate: 3): https://posteitaliane.sharepoint.com/:x:/r/teams/ACCESSIBILITRISULTATIVERIFICHETECNICHE/Shared%20Documents/TGPOSTE_APP/TGPOSTE_APP/LOG/Log.xlsx?d=w630300a71bd74143a1658fe5ab688bc4&csf=1&web=1&e=Y9XHGL Link al dettaglio requisito WCAG: | AE2027: =_xlfn.XLOOKUP(Tabella4[[#This Row],[ID Silk]],outTable[ID Silk],outTable[Numero ticket ],,0,1) -> #N/A | AH2027: =Tabella4[[#This Row],[Caricato su Silk]]&Tabella4[[#This Row],[HC_01]] -> #N/A | AI2027: =Tabella4[[#This Row],[HC_ID]]&": "&Tabella4[[#This Row],[Descrizione]] -> #N/A | AJ2027: =Tabella4[[#This Row],[HC_ID]]&": - "&Tabella4[[#This Row],[Detail]]&" con selettore: "&Tabella4[[#This Row],[Rejected Element]] -> #N/A | AK2027: =Tabella4[[#This Row],[HC_ID]]&": "&Tabella4[[#This Row],[Share URL]] -> #N/A | AL2027: =Tabella4[[#This Row],[HC_ID]]&": "&Tabella4[[#This Row],[Soluzione note aggiuntive]] -> #N/A
A2028: =Tabella4[[#This Row],[UNI CEI EN 301549]]&Tabella4[[#This Row],[Servizio]] -> 11.4.1.2.1S001 Accedi | B2028: =Tabella4[[#This Row],[IssueID]]&Tabella4[[#This Row],[Servizio]] -> S001 Accedi | C2028: MAD005 | D2028: ="(#"&Tabella4[[#This Row],['#ID]]&")" -> (#MAD005) | E2028: =IF(LEFT(Tabella4[[#This Row],['#ID]],3)="AAD","Android","Documenti") -> Documenti | F2028: A | G2028: 4.1.2 | H2028: 11.4.1.2.1 | I2028: 3 - Moderate | J2028: Blind;Cognitive;Low Vision | K2028: Annuncio errato | L2028: Talkback legge in maniera errata un elemento(https://www.w3.org/WAI/WCAG21/Understanding/name-role-value) | N2028: Accedi con Google | O2028: Home pubblica.txt | P2028: =_xlfn.XLOOKUP(Tabella4[[#This Row],[Pagina]],Tabella1[Pagina],Tabella1[Page ID],,0,1) -> #5 | Q2028: Talkback | T2028: Fornire informazioni su ruolo, stato e valore su tutti i componenti dell'interfaccia utente | U2028: =COUNTIFS(Tabella4[Rejected Element],Tabella4[[#This Row],[Rejected Element]]) -> 0 | V2028: =_xlfn.XLOOKUP(Tabella4[[#This Row],[Page ID]],Tabella1[Page ID],Tabella1[Servizio],,0,1) -> S001 Accedi | X2028: =Tabella4[[#This Row],[User Impact]] -> 3 - Moderate | Y2028: =_xlfn.CONCAT("APP INDABOX ANDROID - ",Tabella4[[#This Row],[UNI CEI EN 301549]]," ",_xlfn.XLOOKUP(Tabella4[[#This Row],[Criterio]],Tabella5[ID],Tabella5[Criterio di successo],"")," - ",Tabella4[[#This Row],[Servizio]]) -> APP INDABOX ANDROID - 11.4.1.2.1 Nome, ruolo, valore - S001 Accedi | Z2028: =_xlfn.CONCAT(Tabella4[[#This Row],[Titolo Defect]]," ",Tabella4[[#This Row],[ID defectXsilk]],CHAR(10),Tabella4[[#This Row],[Servizio]],CHAR(10),_xlfn.CONCAT("Requisito: WCAG ",Tabella4[[#This Row],[Criterio]],CHAR(10),"Disabilità afflitte: ",Tabella4[[#This Row],[Disabilities]],CHAR(10),"Impatto Utente: ",Tabella4[[#This Row],[User Impact]],CHAR(10),CHAR(10),"Descrizione: ",Tabella4[[#This Row],[Titolo]]," - ",Tabella4[[#This Row],[Descrizione]],CHAR(10),CHAR(10),"Esempio di violazione individuata sull'oggetto: ",CHAR(10)," - ",Tabella4[[#This Row],[Detail]]," con selettore: ",CHAR(10),Tabella4[[#This Row],[Rejected Element]],CHAR(10),CHAR(10),"Dettaglio + screenshot (accedere con le seguenti credenziali: user, axeposte@gmail.com; password, Poste2024!): ",Tabella4[[#This Row],[Share URL]],CHAR(10)),CHAR(10),"Possibile metodologia risolutiva:"&CHAR(10),Tabella4[[#This Row],[Soluzione note aggiuntive]],CHAR(10),CHAR(10),"File di log (occorrenze rilevate: "&COUNTIF(Tabella4[ID Silk],Tabella4[[#This Row],[ID Silk]])&"): https://posteitaliane.sharepoint.com/:x:/r/teams/ACCESSIBILITRISULTATIVERIFICHETECNICHE/Shared%20Documents/TGPOSTE_APP/TGPOSTE_APP/LOG/Log.xlsx?d=w630300a71bd74143a1658fe5ab688bc4&csf=1&web=1&e=Y9XHGL",CHAR(10),CHAR(10),"Link al dettaglio requisito WCAG: ",_xlfn.XLOOKUP(Tabella4[[#This Row],[UNI CEI EN 301549]],'Dati input'!F:F,'Dati input'!H:H,"",0)) -> APP INDABOX ANDROID - 11.4.1.2.1 Nome, ruolo, valore - S001 Accedi (#MAD005) S001 Accedi Requisito: WCAG 4.1.2 Disabilità afflitte: Blind;Cognitive;Low Vision Impatto Utente: 3 - Moderate Descrizione: Annuncio errato - Talkback legge in maniera errata un elemento(https://www.w3.org/WAI/WCAG21/Understanding/name-role-value) Esempio di violazione individuata sull'oggetto: - Accedi con Google con selettore: Dettaglio + screenshot (accedere con le seguenti credenziali: user, axeposte@gmail.com; password, Poste2024!): Possibile metodologia risolutiva: Fornire informazioni su ruolo, stato e valore su tutti i componenti dell'interfaccia utente File di log (occorrenze rilevate: 9): https://posteitaliane.sharepoint.com/:x:/r/teams/ACCESSIBILITRISULTATIVERIFICHETECNICHE/Shared%20Documents/TGPOSTE_APP/TGPOSTE_APP/LOG/Log.xlsx?d=w630300a71bd74143a1658fe5ab688bc4&csf=1&web=1&e=Y9XHGL Link al dettaglio requisito WCAG: https://posteitaliane.sharepoint.com/:w:/r/teams/ACCESSIBILITRISULTATIVERIFICHETECNICHE/Shared%20Documents/Generale/SCHEDE_REQUISITI/11.4.1.2.1_Nome,ruolo,valore_(funzionalit%C3%A0_aperta).docx?d=wb96cf3f2554842538f60f52e05fa31f4&csf=1&web=1&e=FzyCQ3 | AE2028: =_xlfn.XLOOKUP(Tabella4[[#This Row],[ID Silk]],outTable[ID Silk],outTable[Numero ticket ],,0,1) -> 0 | AH2028: =Tabella4[[#This Row],[Caricato su Silk]]&Tabella4[[#This Row],[HC_01]] -> 0 | AI2028: =Tabella4[[#This Row],[HC_ID]]&": "&Tabella4[[#This Row],[Descrizione]] -> 0: Talkback legge in maniera errata un elemento(https://www.w3.org/WAI/WCAG21/Understanding/name-role-value) | AJ2028: =Tabella4[[#This Row],[HC_ID]]&": - "&Tabella4[[#This Row],[Detail]]&" con selettore: "&Tabella4[[#This Row],[Rejected Element]] -> 0: - Accedi con Google con selettore: | AK2028: =Tabella4[[#This Row],[HC_ID]]&": "&Tabella4[[#This Row],[Share URL]] -> 0: | AL2028: =Tabella4[[#This Row],[HC_ID]]&": "&Tabella4[[#This Row],[Soluzione note aggiuntive]] -> 0: Fornire informazioni su ruolo, stato e valore su tutti i componenti dell'interfaccia utente
A2029: =Tabella4[[#This Row],[UNI CEI EN 301549]]&Tabella4[[#This Row],[Servizio]] -> 11.3.1.2.1S001 Accedi | B2029: =Tabella4[[#This Row],[IssueID]]&Tabella4[[#This Row],[Servizio]] -> S001 Accedi | C2029: MAD006 | D2029: ="(#"&Tabella4[[#This Row],['#ID]]&")" -> (#MAD006) | E2029: =IF(LEFT(Tabella4[[#This Row],['#ID]],3)="AAD","Android","Documenti") -> Documenti | F2029: AA | G2029: 3.1.2 | H2029: 11.3.1.2.1 | I2029: 3 - Moderate | J2029: Blind;Cognitive;Low Vision | K2029: Parti in lingua | L2029: Al voice over non viene indicato il linguaggio corretto per la parola (https://www.w3.org/WAI/WCAG21/quickref/#language-of-parts) | N2029: Registrati | O2029: Home pubblica.txt | P2029: =_xlfn.XLOOKUP(Tabella4[[#This Row],[Pagina]],Tabella1[Pagina],Tabella1[Page ID],,0,1) -> #5 | Q2029: Talkback | T2029: Specificare la lingua corretta per parole o frasi che differiscono dalla lingua principale dell’app. In Android, utilizzare l'attributo android:contentDescription con la lingua corretta. | U2029: =COUNTIFS(Tabella4[Rejected Element],Tabella4[[#This Row],[Rejected Element]]) -> 0 | V2029: =_xlfn.XLOOKUP(Tabella4[[#This Row],[Page ID]],Tabella1[Page ID],Tabella1[Servizio],,0,1) -> S001 Accedi | X2029: =Tabella4[[#This Row],[User Impact]] -> 3 - Moderate | Y2029: =_xlfn.CONCAT("APP INDABOX ANDROID - ",Tabella4[[#This Row],[UNI CEI EN 301549]]," ",_xlfn.XLOOKUP(Tabella4[[#This Row],[Criterio]],Tabella5[ID],Tabella5[Criterio di successo],"")," - ",Tabella4[[#This Row],[Servizio]]) -> APP INDABOX ANDROID - 11.3.1.2.1 Parti in lingua - S001 Accedi | Z2029: =_xlfn.CONCAT(Tabella4[[#This Row],[Titolo Defect]]," ",Tabella4[[#This Row],[ID defectXsilk]],CHAR(10),Tabella4[[#This Row],[Servizio]],CHAR(10),_xlfn.CONCAT("Requisito: WCAG ",Tabella4[[#This Row],[Criterio]],CHAR(10),"Disabilità afflitte: ",Tabella4[[#This Row],[Disabilities]],CHAR(10),"Impatto Utente: ",Tabella4[[#This Row],[User Impact]],CHAR(10),CHAR(10),"Descrizione: ",Tabella4[[#This Row],[Titolo]]," - ",Tabella4[[#This Row],[Descrizione]],CHAR(10),CHAR(10),"Esempio di violazione individuata sull'oggetto: ",CHAR(10)," - ",Tabella4[[#This Row],[Detail]]," con selettore: ",CHAR(10),Tabella4[[#This Row],[Rejected Element]],CHAR(10),CHAR(10),"Dettaglio + screenshot (accedere con le seguenti credenziali: user, axeposte@gmail.com; password, Poste2024!): ",Tabella4[[#This Row],[Share URL]],CHAR(10)),CHAR(10),"Possibile metodologia risolutiva:"&CHAR(10),Tabella4[[#This Row],[Soluzione note aggiuntive]],CHAR(10),CHAR(10),"File di log (occorrenze rilevate: "&COUNTIF(Tabella4[ID Silk],Tabella4[[#This Row],[ID Silk]])&"): https://posteitaliane.sharepoint.com/:x:/r/teams/ACCESSIBILITRISULTATIVERIFICHETECNICHE/Shared%20Documents/TGPOSTE_APP/TGPOSTE_APP/LOG/Log.xlsx?d=w630300a71bd74143a1658fe5ab688bc4&csf=1&web=1&e=Y9XHGL",CHAR(10),CHAR(10),"Link al dettaglio requisito WCAG: ",_xlfn.XLOOKUP(Tabella4[[#This Row],[UNI CEI EN 301549]],'Dati input'!F:F,'Dati input'!H:H,"",0)) -> APP INDABOX ANDROID - 11.3.1.2.1 Parti in lingua - S001 Accedi (#MAD006) S001 Accedi Requisito: WCAG 3.1.2 Disabilità afflitte: Blind;Cognitive;Low Vision Impatto Utente: 3 - Moderate Descrizione: Parti in lingua - Al voice over non viene indicato il linguaggio corretto per la parola (https://www.w3.org/WAI/WCAG21/quickref/#language-of-parts) Esempio di violazione individuata sull'oggetto: - Registrati con selettore: Dettaglio + screenshot (accedere con le seguenti credenziali: user, axeposte@gmail.com; password, Poste2024!): Possibile metodologia risolutiva: Specificare la lingua corretta per parole o frasi che differiscono dalla lingua principale dell’app. In Android, utilizzare l'attributo android:contentDescription con la lingua corretta. File di log (occorrenze rilevate: 3): https://posteitaliane.sharepoint.com/:x:/r/teams/ACCESSIBILITRISULTATIVERIFICHETECNICHE/Shared%20Documents/TGPOSTE_APP/TGPOSTE_APP/LOG/Log.xlsx?d=w630300a71bd74143a1658fe5ab688bc4&csf=1&web=1&e=Y9XHGL Link al dettaglio requisito WCAG: | AE2029: =_xlfn.XLOOKUP(Tabella4[[#This Row],[ID Silk]],outTable[ID Silk],outTable[Numero ticket ],,0,1) -> #N/A | AH2029: =Tabella4[[#This Row],[Caricato su Silk]]&Tabella4[[#This Row],[HC_01]] -> #N/A | AI2029: =Tabella4[[#This Row],[HC_ID]]&": "&Tabella4[[#This Row],[Descrizione]] -> #N/A | AJ2029: =Tabella4[[#This Row],[HC_ID]]&": - "&Tabella4[[#This Row],[Detail]]&" con selettore: "&Tabella4[[#This Row],[Rejected Element]] -> #N/A | AK2029: =Tabella4[[#This Row],[HC_ID]]&": "&Tabella4[[#This Row],[Share URL]] -> #N/A | AL2029: =Tabella4[[#This Row],[HC_ID]]&": "&Tabella4[[#This Row],[Soluzione note aggiuntive]] -> #N/A
A2030: =Tabella4[[#This Row],[UNI CEI EN 301549]]&Tabella4[[#This Row],[Servizio]] -> 11.4.1.2.1S001 Accedi | B2030: =Tabella4[[#This Row],[IssueID]]&Tabella4[[#This Row],[Servizio]] -> S001 Accedi | C2030: MAD007 | D2030: ="(#"&Tabella4[[#This Row],['#ID]]&")" -> (#MAD007) | E2030: =IF(LEFT(Tabella4[[#This Row],['#ID]],3)="AAD","Android","Documenti") -> Documenti | F2030: A | G2030: 4.1.2 | H2030: 11.4.1.2.1 | I2030: 3 - Moderate | J2030: Blind;Cognitive;Low Vision | K2030: Annuncio errato | L2030: Talkback legge in maniera errata un elemento(https://www.w3.org/WAI/WCAG21/Understanding/name-role-value) | N2030: Non ti ricordi la password, legge 2 di 2 | O2030: Home pubblica.txt | P2030: =_xlfn.XLOOKUP(Tabella4[[#This Row],[Pagina]],Tabella1[Pagina],Tabella1[Page ID],,0,1) -> #5 | Q2030: Talkback | T2030: Fornire informazioni su ruolo, stato e valore su tutti i componenti dell'interfaccia utente | U2030: =COUNTIFS(Tabella4[Rejected Element],Tabella4[[#This Row],[Rejected Element]]) -> 0 | V2030: =_xlfn.XLOOKUP(Tabella4[[#This Row],[Page ID]],Tabella1[Page ID],Tabella1[Servizio],,0,1) -> S001 Accedi | X2030: =Tabella4[[#This Row],[User Impact]] -> 3 - Moderate | Y2030: =_xlfn.CONCAT("APP INDABOX ANDROID - ",Tabella4[[#This Row],[UNI CEI EN 301549]]," ",_xlfn.XLOOKUP(Tabella4[[#This Row],[Criterio]],Tabella5[ID],Tabella5[Criterio di successo],"")," - ",Tabella4[[#This Row],[Servizio]]) -> APP INDABOX ANDROID - 11.4.1.2.1 Nome, ruolo, valore - S001 Accedi | Z2030: =_xlfn.CONCAT(Tabella4[[#This Row],[Titolo Defect]]," ",Tabella4[[#This Row],[ID defectXsilk]],CHAR(10),Tabella4[[#This Row],[Servizio]],CHAR(10),_xlfn.CONCAT("Requisito: WCAG ",Tabella4[[#This Row],[Criterio]],CHAR(10),"Disabilità afflitte: ",Tabella4[[#This Row],[Disabilities]],CHAR(10),"Impatto Utente: ",Tabella4[[#This Row],[User Impact]],CHAR(10),CHAR(10),"Descrizione: ",Tabella4[[#This Row],[Titolo]]," - ",Tabella4[[#This Row],[Descrizione]],CHAR(10),CHAR(10),"Esempio di violazione individuata sull'oggetto: ",CHAR(10)," - ",Tabella4[[#This Row],[Detail]]," con selettore: ",CHAR(10),Tabella4[[#This Row],[Rejected Element]],CHAR(10),CHAR(10),"Dettaglio + screenshot (accedere con le seguenti credenziali: user, axeposte@gmail.com; password, Poste2024!): ",Tabella4[[#This Row],[Share URL]],CHAR(10)),CHAR(10),"Possibile metodologia risolutiva:"&CHAR(10),Tabella4[[#This Row],[Soluzione note aggiuntive]],CHAR(10),CHAR(10),"File di log (occorrenze rilevate: "&COUNTIF(Tabella4[ID Silk],Tabella4[[#This Row],[ID Silk]])&"): https://posteitaliane.sharepoint.com/:x:/r/teams/ACCESSIBILITRISULTATIVERIFICHETECNICHE/Shared%20Documents/TGPOSTE_APP/TGPOSTE_APP/LOG/Log.xlsx?d=w630300a71bd74143a1658fe5ab688bc4&csf=1&web=1&e=Y9XHGL",CHAR(10),CHAR(10),"Link al dettaglio requisito WCAG: ",_xlfn.XLOOKUP(Tabella4[[#This Row],[UNI CEI EN 301549]],'Dati input'!F:F,'Dati input'!H:H,"",0)) -> APP INDABOX ANDROID - 11.4.1.2.1 Nome, ruolo, valore - S001 Accedi (#MAD007) S001 Accedi Requisito: WCAG 4.1.2 Disabilità afflitte: Blind;Cognitive;Low Vision Impatto Utente: 3 - Moderate Descrizione: Annuncio errato - Talkback legge in maniera errata un elemento(https://www.w3.org/WAI/WCAG21/Understanding/name-role-value) Esempio di violazione individuata sull'oggetto: - Non ti ricordi la password, legge 2 di 2 con selettore: Dettaglio + screenshot (accedere con le seguenti credenziali: user, axeposte@gmail.com; password, Poste2024!): Possibile metodologia risolutiva: Fornire informazioni su ruolo, stato e valore su tutti i componenti dell'interfaccia utente File di log (occorrenze rilevate: 9): https://posteitaliane.sharepoint.com/:x:/r/teams/ACCESSIBILITRISULTATIVERIFICHETECNICHE/Shared%20Documents/TGPOSTE_APP/TGPOSTE_APP/LOG/Log.xlsx?d=w630300a71bd74143a1658fe5ab688bc4&csf=1&web=1&e=Y9XHGL Link al dettaglio requisito WCAG: https://posteitaliane.sharepoint.com/:w:/r/teams/ACCESSIBILITRISULTATIVERIFICHETECNICHE/Shared%20Documents/Generale/SCHEDE_REQUISITI/11.4.1.2.1_Nome,ruolo,valore_(funzionalit%C3%A0_aperta).docx?d=wb96cf3f2554842538f60f52e05fa31f4&csf=1&web=1&e=FzyCQ3 | AE2030: =_xlfn.XLOOKUP(Tabella4[[#This Row],[ID Silk]],outTable[ID Silk],outTable[Numero ticket ],,0,1) -> 0 | AH2030: =Tabella4[[#This Row],[Caricato su Silk]]&Tabella4[[#This Row],[HC_01]] -> 0 | AI2030: =Tabella4[[#This Row],[HC_ID]]&": "&Tabella4[[#This Row],[Descrizione]] -> 0: Talkback legge in maniera errata un elemento(https://www.w3.org/WAI/WCAG21/Understanding/name-role-value) | AJ2030: =Tabella4[[#This Row],[HC_ID]]&": - "&Tabella4[[#This Row],[Detail]]&" con selettore: "&Tabella4[[#This Row],[Rejected Element]] -> 0: - Non ti ricordi la password, legge 2 di 2 con selettore: | AK2030: =Tabella4[[#This Row],[HC_ID]]&": "&Tabella4[[#This Row],[Share URL]] -> 0: | AL2030: =Tabella4[[#This Row],[HC_ID]]&": "&Tabella4[[#This Row],[Soluzione note aggiuntive]] -> 0: Fornire informazioni su ruolo, stato e valore su tutti i componenti dell'interfaccia utente
A2031: =Tabella4[[#This Row],[UNI CEI EN 301549]]&Tabella4[[#This Row],[Servizio]] -> 11.4.1.2.1S001 Accedi | B2031: =Tabella4[[#This Row],[IssueID]]&Tabella4[[#This Row],[Servizio]] -> S001 Accedi | C2031: MAD008 | D2031: ="(#"&Tabella4[[#This Row],['#ID]]&")" -> (#MAD008) | E2031: =IF(LEFT(Tabella4[[#This Row],['#ID]],3)="AAD","Android","Documenti") -> Documenti | F2031: A | G2031: 4.1.2 | H2031: 11.4.1.2.1 | I2031: 3 - Moderate | J2031: Blind;Cognitive;Low Vision | K2031: Annuncio errato | L2031: Talkback legge in maniera errata un elemento(https://www.w3.org/WAI/WCAG21/Understanding/name-role-value) | N2031: scopri come funzion indabox, esegue lo spelling della parola indabox | O2031: Home pubblica.txt | P2031: =_xlfn.XLOOKUP(Tabella4[[#This Row],[Pagina]],Tabella1[Pagina],Tabella1[Page ID],,0,1) -> #5 | Q2031: Talkback | T2031: Fornire informazioni su ruolo, stato e valore su tutti i componenti dell'interfaccia utente | U2031: =COUNTIFS(Tabella4[Rejected Element],Tabella4[[#This Row],[Rejected Element]]) -> 0 | V2031: =_xlfn.XLOOKUP(Tabella4[[#This Row],[Page ID]],Tabella1[Page ID],Tabella1[Servizio],,0,1) -> S001 Accedi | X2031: =Tabella4[[#This Row],[User Impact]] -> 3 - Moderate | Y2031: =_xlfn.CONCAT("APP INDABOX ANDROID - ",Tabella4[[#This Row],[UNI CEI EN 301549]]," ",_xlfn.XLOOKUP(Tabella4[[#This Row],[Criterio]],Tabella5[ID],Tabella5[Criterio di successo],"")," - ",Tabella4[[#This Row],[Servizio]]) -> APP INDABOX ANDROID - 11.4.1.2.1 Nome, ruolo, valore - S001 Accedi | Z2031: =_xlfn.CONCAT(Tabella4[[#This Row],[Titolo Defect]]," ",Tabella4[[#This Row],[ID defectXsilk]],CHAR(10),Tabella4[[#This Row],[Servizio]],CHAR(10),_xlfn.CONCAT("Requisito: WCAG ",Tabella4[[#This Row],[Criterio]],CHAR(10),"Disabilità afflitte: ",Tabella4[[#This Row],[Disabilities]],CHAR(10),"Impatto Utente: ",Tabella4[[#This Row],[User Impact]],CHAR(10),CHAR(10),"Descrizione: ",Tabella4[[#This Row],[Titolo]]," - ",Tabella4[[#This Row],[Descrizione]],CHAR(10),CHAR(10),"Esempio di violazione individuata sull'oggetto: ",CHAR(10)," - ",Tabella4[[#This Row],[Detail]]," con selettore: ",CHAR(10),Tabella4[[#This Row],[Rejected Element]],CHAR(10),CHAR(10),"Dettaglio + screenshot (accedere con le seguenti credenziali: user, axeposte@gmail.com; password, Poste2024!): ",Tabella4[[#This Row],[Share URL]],CHAR(10)),CHAR(10),"Possibile metodologia risolutiva:"&CHAR(10),Tabella4[[#This Row],[Soluzione note aggiuntive]],CHAR(10),CHAR(10),"File di log (occorrenze rilevate: "&COUNTIF(Tabella4[ID Silk],Tabella4[[#This Row],[ID Silk]])&"): https://posteitaliane.sharepoint.com/:x:/r/teams/ACCESSIBILITRISULTATIVERIFICHETECNICHE/Shared%20Documents/TGPOSTE_APP/TGPOSTE_APP/LOG/Log.xlsx?d=w630300a71bd74143a1658fe5ab688bc4&csf=1&web=1&e=Y9XHGL",CHAR(10),CHAR(10),"Link al dettaglio requisito WCAG: ",_xlfn.XLOOKUP(Tabella4[[#This Row],[UNI CEI EN 301549]],'Dati input'!F:F,'Dati input'!H:H,"",0)) -> APP INDABOX ANDROID - 11.4.1.2.1 Nome, ruolo, valore - S001 Accedi (#MAD008) S001 Accedi Requisito: WCAG 4.1.2 Disabilità afflitte: Blind;Cognitive;Low Vision Impatto Utente: 3 - Moderate Descrizione: Annuncio errato - Talkback legge in maniera errata un elemento(https://www.w3.org/WAI/WCAG21/Understanding/name-role-value) Esempio di violazione individuata sull'oggetto: - scopri come funzion indabox, esegue lo spelling della parola indabox con selettore: Dettaglio + screenshot (accedere con le seguenti credenziali: user, axeposte@gmail.com; password, Poste2024!): Possibile metodologia risolutiva: Fornire informazioni su ruolo, stato e valore su tutti i componenti dell'interfaccia utente File di log (occorrenze rilevate: 9): https://posteitaliane.sharepoint.com/:x:/r/teams/ACCESSIBILITRISULTATIVERIFICHETECNICHE/Shared%20Documents/TGPOSTE_APP/TGPOSTE_APP/LOG/Log.xlsx?d=w630300a71bd74143a1658fe5ab688bc4&csf=1&web=1&e=Y9XHGL Link al dettaglio requisito WCAG: https://posteitaliane.sharepoint.com/:w:/r/teams/ACCESSIBILITRISULTATIVERIFICHETECNICHE/Shared%20Documents/Generale/SCHEDE_REQUISITI/11.4.1.2.1_Nome,ruolo,valore_(funzionalit%C3%A0_aperta).docx?d=wb96cf3f2554842538f60f52e05fa31f4&csf=1&web=1&e=FzyCQ3 | AE2031: =_xlfn.XLOOKUP(Tabella4[[#This Row],[ID Silk]],outTable[ID Silk],outTable[Numero ticket ],,0,1) -> 0 | AH2031: =Tabella4[[#This Row],[Caricato su Silk]]&Tabella4[[#This Row],[HC_01]] -> 0 | AI2031: =Tabella4[[#This Row],[HC_ID]]&": "&Tabella4[[#This Row],[Descrizione]] -> 0: Talkback legge in maniera errata un elemento(https://www.w3.org/WAI/WCAG21/Understanding/name-role-value) | AJ2031: =Tabella4[[#This Row],[HC_ID]]&": - "&Tabella4[[#This Row],[Detail]]&" con selettore: "&Tabella4[[#This Row],[Rejected Element]] -> 0: - scopri come funzion indabox, esegue lo spelling della parola indabox con selettore: | AK2031: =Tabella4[[#This Row],[HC_ID]]&": "&Tabella4[[#This Row],[Share URL]] -> 0: | AL2031: =Tabella4[[#This Row],[HC_ID]]&": "&Tabella4[[#This Row],[Soluzione note aggiuntive]] -> 0: Fornire informazioni su ruolo, stato e valore su tutti i componenti dell'interfaccia utente
A2032: =Tabella4[[#This Row],[UNI CEI EN 301549]]&Tabella4[[#This Row],[Servizio]] -> 11.1.3.1.1S001 Accedi | B2032: =Tabella4[[#This Row],[IssueID]]&Tabella4[[#This Row],[Servizio]] -> S001 Accedi | C2032: MAD009 | D2032: ="(#"&Tabella4[[#This Row],['#ID]]&")" -> (#MAD009) | E2032: =IF(LEFT(Tabella4[[#This Row],['#ID]],3)="AAD","Android","Documenti") -> Documenti | F2032: A | G2032: 1.3.1 | H2032: 11.1.3.1.1 | I2032: 2 - Serious | J2032: Blind;Low Vision; Cognitive | K2032: Elementi irrilevanti | L2032: VoiceOver legge elementi irrilevanti(https://www.w3.org/WAI/WCAG22/Understanding/info-and-relationships.html) | N2032: dopo la lettura del link "accessibilità" legge un elemento nascosto | O2032: Home pubblica.txt | P2032: =_xlfn.XLOOKUP(Tabella4[[#This Row],[Pagina]],Tabella1[Pagina],Tabella1[Page ID],,0,1) -> #5 | Q2032: Talkback | T2032: Impostare l'attributo "Aria-hidden" a true per nascondere un elemnto al VoiceOver | U2032: =COUNTIFS(Tabella4[Rejected Element],Tabella4[[#This Row],[Rejected Element]]) -> 0 | V2032: =_xlfn.XLOOKUP(Tabella4[[#This Row],[Page ID]],Tabella1[Page ID],Tabella1[Servizio],,0,1) -> S001 Accedi | X2032: =Tabella4[[#This Row],[User Impact]] -> 2 - Serious | Y2032: =_xlfn.CONCAT("APP INDABOX ANDROID - ",Tabella4[[#This Row],[UNI CEI EN 301549]]," ",_xlfn.XLOOKUP(Tabella4[[#This Row],[Criterio]],Tabella5[ID],Tabella5[Criterio di successo],"")," - ",Tabella4[[#This Row],[Servizio]]) -> APP INDABOX ANDROID - 11.1.3.1.1 Informazioni e correlazioni - S001 Accedi | Z2032: =_xlfn.CONCAT(Tabella4[[#This Row],[Titolo Defect]]," ",Tabella4[[#This Row],[ID defectXsilk]],CHAR(10),Tabella4[[#This Row],[Servizio]],CHAR(10),_xlfn.CONCAT("Requisito: WCAG ",Tabella4[[#This Row],[Criterio]],CHAR(10),"Disabilità afflitte: ",Tabella4[[#This Row],[Disabilities]],CHAR(10),"Impatto Utente: ",Tabella4[[#This Row],[User Impact]],CHAR(10),CHAR(10),"Descrizione: ",Tabella4[[#This Row],[Titolo]]," - ",Tabella4[[#This Row],[Descrizione]],CHAR(10),CHAR(10),"Esempio di violazione individuata sull'oggetto: ",CHAR(10)," - ",Tabella4[[#This Row],[Detail]]," con selettore: ",CHAR(10),Tabella4[[#This Row],[Rejected Element]],CHAR(10),CHAR(10),"Dettaglio + screenshot (accedere con le seguenti credenziali: user, axeposte@gmail.com; password, Poste2024!): ",Tabella4[[#This Row],[Share URL]],CHAR(10)),CHAR(10),"Possibile metodologia risolutiva:"&CHAR(10),Tabella4[[#This Row],[Soluzione note aggiuntive]],CHAR(10),CHAR(10),"File di log (occorrenze rilevate: "&COUNTIF(Tabella4[ID Silk],Tabella4[[#This Row],[ID Silk]])&"): https://posteitaliane.sharepoint.com/:x:/r/teams/ACCESSIBILITRISULTATIVERIFICHETECNICHE/Shared%20Documents/TGPOSTE_APP/TGPOSTE_APP/LOG/Log.xlsx?d=w630300a71bd74143a1658fe5ab688bc4&csf=1&web=1&e=Y9XHGL",CHAR(10),CHAR(10),"Link al dettaglio requisito WCAG: ",_xlfn.XLOOKUP(Tabella4[[#This Row],[UNI CEI EN 301549]],'Dati input'!F:F,'Dati input'!H:H,"",0)) -> APP INDABOX ANDROID - 11.1.3.1.1 Informazioni e correlazioni - S001 Accedi (#MAD009) S001 Accedi Requisito: WCAG 1.3.1 Disabilità afflitte: Blind;Low Vision; Cognitive Impatto Utente: 2 - Serious Descrizione: Elementi irrilevanti - VoiceOver legge elementi irrilevanti(https://www.w3.org/WAI/WCAG22/Understanding/info-and-relationships.html) Esempio di violazione individuata sull'oggetto: - dopo la lettura del link "accessibilità" legge un elemento nascosto con selettore: Dettaglio + screenshot (accedere con le seguenti credenziali: user, axeposte@gmail.com; password, Poste2024!): Possibile metodologia risolutiva: Impostare l'attributo "Aria-hidden" a true per nascondere un elemnto al VoiceOver File di log (occorrenze rilevate: 1): https://posteitaliane.sharepoint.com/:x:/r/teams/ACCESSIBILITRISULTATIVERIFICHETECNICHE/Shared%20Documents/TGPOSTE_APP/TGPOSTE_APP/LOG/Log.xlsx?d=w630300a71bd74143a1658fe5ab688bc4&csf=1&web=1&e=Y9XHGL Link al dettaglio requisito WCAG: https://posteitaliane.sharepoint.com/:w:/r/teams/ACCESSIBILITRISULTATIVERIFICHETECNICHE/Shared%20Documents/Generale/SCHEDE_REQUISITI/11.1.3.1.1_Informazioni_e_correlazioni_(funzionalit%C3%A0_aperta).docx?d=w1723de3ac60b4c5f9c588e068a27725a&csf=1&web=1&e=Gv7WM5 | AE2032: =_xlfn.XLOOKUP(Tabella4[[#This Row],[ID Silk]],outTable[ID Silk],outTable[Numero ticket ],,0,1) -> 0 | AH2032: =Tabella4[[#This Row],[Caricato su Silk]]&Tabella4[[#This Row],[HC_01]] -> 0 | AI2032: =Tabella4[[#This Row],[HC_ID]]&": "&Tabella4[[#This Row],[Descrizione]] -> 0: VoiceOver legge elementi irrilevanti(https://www.w3.org/WAI/WCAG22/Understanding/info-and-relationships.html) | AJ2032: =Tabella4[[#This Row],[HC_ID]]&": - "&Tabella4[[#This Row],[Detail]]&" con selettore: "&Tabella4[[#This Row],[Rejected Element]] -> 0: - dopo la lettura del link "accessibilità" legge un elemento nascosto con selettore: | AK2032: =Tabella4[[#This Row],[HC_ID]]&": "&Tabella4[[#This Row],[Share URL]] -> 0: | AL2032: =Tabella4[[#This Row],[HC_ID]]&": "&Tabella4[[#This Row],[Soluzione note aggiuntive]] -> 0: Impostare l'attributo "Aria-hidden" a true per nascondere un elemnto al VoiceOver
A2033: =Tabella4[[#This Row],[UNI CEI EN 301549]]&Tabella4[[#This Row],[Servizio]] -> 11.4.1.2.1S002 Registrazione | B2033: =Tabella4[[#This Row],[IssueID]]&Tabella4[[#This Row],[Servizio]] -> S002 Registrazione | C2033: MAD010 | D2033: ="(#"&Tabella4[[#This Row],['#ID]]&")" -> (#MAD010) | E2033: =IF(LEFT(Tabella4[[#This Row],['#ID]],3)="AAD","Android","Documenti") -> Documenti | F2033: A | G2033: 4.1.2 | H2033: 11.4.1.2.1 | I2033: 3 - Moderate | J2033: Blind;Cognitive;Low Vision | K2033: Annuncio errato | L2033: Talkback legge in maniera errata un elemento(https://www.w3.org/WAI/WCAG21/Understanding/name-role-value) | N2033: Accedi con Google | O2033: Pubblico Registrati subito.txt | P2033: =_xlfn.XLOOKUP(Tabella4[[#This Row],[Pagina]],Tabella1[Pagina],Tabella1[Page ID],,0,1) -> #44 | Q2033: Talkback | T2033: Fornire informazioni su ruolo, stato e valore su tutti i componenti dell'interfaccia utente | U2033: =COUNTIFS(Tabella4[Rejected Element],Tabella4[[#This Row],[Rejected Element]]) -> 0 | V2033: =_xlfn.XLOOKUP(Tabella4[[#This Row],[Page ID]],Tabella1[Page ID],Tabella1[Servizio],,0,1) -> S002 Registrazione | X2033: =Tabella4[[#This Row],[User Impact]] -> 3 - Moderate | Y2033: =_xlfn.CONCAT("APP INDABOX ANDROID - ",Tabella4[[#This Row],[UNI CEI EN 301549]]," ",_xlfn.XLOOKUP(Tabella4[[#This Row],[Criterio]],Tabella5[ID],Tabella5[Criterio di successo],"")," - ",Tabella4[[#This Row],[Servizio]]) -> APP INDABOX ANDROID - 11.4.1.2.1 Nome, ruolo, valore - S002 Registrazione | Z2033: =_xlfn.CONCAT(Tabella4[[#This Row],[Titolo Defect]]," ",Tabella4[[#This Row],[ID defectXsilk]],CHAR(10),Tabella4[[#This Row],[Servizio]],CHAR(10),_xlfn.CONCAT("Requisito: WCAG ",Tabella4[[#This Row],[Criterio]],CHAR(10),"Disabilità afflitte: ",Tabella4[[#This Row],[Disabilities]],CHAR(10),"Impatto Utente: ",Tabella4[[#This Row],[User Impact]],CHAR(10),CHAR(10),"Descrizione: ",Tabella4[[#This Row],[Titolo]]," - ",Tabella4[[#This Row],[Descrizione]],CHAR(10),CHAR(10),"Esempio di violazione individuata sull'oggetto: ",CHAR(10)," - ",Tabella4[[#This Row],[Detail]]," con selettore: ",CHAR(10),Tabella4[[#This Row],[Rejected Element]],CHAR(10),CHAR(10),"Dettaglio + screenshot (accedere con le seguenti credenziali: user, axeposte@gmail.com; password, Poste2024!): ",Tabella4[[#This Row],[Share URL]],CHAR(10)),CHAR(10),"Possibile metodologia risolutiva:"&CHAR(10),Tabella4[[#This Row],[Soluzione note aggiuntive]],CHAR(10),CHAR(10),"File di log (occorrenze rilevate: "&COUNTIF(Tabella4[ID Silk],Tabella4[[#This Row],[ID Silk]])&"): https://posteitaliane.sharepoint.com/:x:/r/teams/ACCESSIBILITRISULTATIVERIFICHETECNICHE/Shared%20Documents/TGPOSTE_APP/TGPOSTE_APP/LOG/Log.xlsx?d=w630300a71bd74143a1658fe5ab688bc4&csf=1&web=1&e=Y9XHGL",CHAR(10),CHAR(10),"Link al dettaglio requisito WCAG: ",_xlfn.XLOOKUP(Tabella4[[#This Row],[UNI CEI EN 301549]],'Dati input'!F:F,'Dati input'!H:H,"",0)) -> APP INDABOX ANDROID - 11.4.1.2.1 Nome, ruolo, valore - S002 Registrazione (#MAD010) S002 Registrazione Requisito: WCAG 4.1.2 Disabilità afflitte: Blind;Cognitive;Low Vision Impatto Utente: 3 - Moderate Descrizione: Annuncio errato - Talkback legge in maniera errata un elemento(https://www.w3.org/WAI/WCAG21/Understanding/name-role-value) Esempio di violazione individuata sull'oggetto: - Accedi con Google con selettore: Dettaglio + screenshot (accedere con le seguenti credenziali: user, axeposte@gmail.com; password, Poste2024!): Possibile metodologia risolutiva: Fornire informazioni su ruolo, stato e valore su tutti i componenti dell'interfaccia utente File di log (occorrenze rilevate: 2): https://posteitaliane.sharepoint.com/:x:/r/teams/ACCESSIBILITRISULTATIVERIFICHETECNICHE/Shared%20Documents/TGPOSTE_APP/TGPOSTE_APP/LOG/Log.xlsx?d=w630300a71bd74143a1658fe5ab688bc4&csf=1&web=1&e=Y9XHGL Link al dettaglio requisito WCAG: https://posteitaliane.sharepoint.com/:w:/r/teams/ACCESSIBILITRISULTATIVERIFICHETECNICHE/Shared%20Documents/Generale/SCHEDE_REQUISITI/11.4.1.2.1_Nome,ruolo,valore_(funzionalit%C3%A0_aperta).docx?d=wb96cf3f2554842538f60f52e05fa31f4&csf=1&web=1&e=FzyCQ3 | AE2033: =_xlfn.XLOOKUP(Tabella4[[#This Row],[ID Silk]],outTable[ID Silk],outTable[Numero ticket ],,0,1) -> #N/A | AH2033: =Tabella4[[#This Row],[Caricato su Silk]]&Tabella4[[#This Row],[HC_01]] -> #N/A | AI2033: =Tabella4[[#This Row],[HC_ID]]&": "&Tabella4[[#This Row],[Descrizione]] -> #N/A | AJ2033: =Tabella4[[#This Row],[HC_ID]]&": - "&Tabella4[[#This Row],[Detail]]&" con selettore: "&Tabella4[[#This Row],[Rejected Element]] -> #N/A | AK2033: =Tabella4[[#This Row],[HC_ID]]&": "&Tabella4[[#This Row],[Share URL]] -> #N/A | AL2033: =Tabella4[[#This Row],[HC_ID]]&": "&Tabella4[[#This Row],[Soluzione note aggiuntive]] -> #N/A
